flight_id,flight_number,origin_airport_code,dest_airport_code,aircraft_code,flight_date
40000,VA453,HYD,SIN,AC06,2025-07-30
40001,VA777,AUH,BOM,AC04,2025-05-07
40002,VA419,GOI,CDG,AC10,2025-02-13
40003,VA989,SFO,BLR,AC05,2025-02-28
40004,VA120,DXB,CCU,AC09,2025-06-16
40005,VA773,BOM,KUL,AC07,2025-10-18
40006,VA373,CMB,SIN,AC01,2025-12-23
40007,VA122,BKK,LHR,AC06,2025-07-13
40008,VA430,LHR,DOH,AC10,2025-02-20
40009,VA807,BKK,HYD,AC04,2025-06-22
40010,VA930,BKK,CMB,AC06,2025-03-27
40011,VA472,FRA,AMD,AC07,2025-04-14
40012,VA967,BKK,CDG,AC02,2026-03-07
40013,VA394,KTM,COK,AC05,2025-01-25
40014,VA511,AMD,LHR,AC04,2025-11-16
40015,VA834,HKG,BLR,AC10,2025-02-18
40016,VA379,LHR,DXB,AC02,2025-10-18
40017,VA537,CMB,BKK,AC04,2025-06-27
40018,VA943,BLR,CDG,AC05,2025-09-16
40019,VA779,AMD,SIN,AC09,2025-06-10
40020,VA511,COK,SIN,AC05,2025-11-16
40021,VA787,CMB,KUL,AC09,2025-04-03
40022,VA820,DEL,CDG,AC09,2026-03-18
40023,VA611,CCU,LHR,AC04,2025-12-05
40024,VA374,HKG,KUL,AC09,2026-02-19
40025,VA679,FRA,SIN,AC01,2025-09-25
40026,VA573,COK,AUH,AC03,2025-05-04
40027,VA801,MAA,HKG,AC05,2026-03-09
40028,VA980,SIN,DXB,AC02,2025-11-21
40029,VA373,COK,SIN,AC05,2025-11-27
40030,VA803,CCU,PNQ,AC10,2025-05-01
40031,VA216,DOH,GOI,AC03,2025-04-09
40032,VA916,DEL,GOI,AC05,2025-08-26
40033,VA546,BKK,KTM,AC07,2025-11-28
40034,VA263,BOM,COK,AC05,2025-03-11
40035,VA908,DEL,PNQ,AC05,2025-12-04
40036,VA759,KTM,CCU,AC01,2026-01-05
40037,VA156,BKK,DEL,AC02,2025-06-10
40038,VA987,FRA,AMD,AC02,2025-07-28
40039,VA773,AUH,JFK,AC02,2025-07-23
40040,VA341,HKG,MAA,AC02,2025-10-20
40041,VA223,HKG,CMB,AC09,2025-12-07
40042,VA357,LHR,CMB,AC08,2026-03-29
40043,VA714,BLR,GOI,AC02,2026-01-31
40044,VA854,DXB,LHR,AC07,2026-02-17
40045,VA533,HKG,GOI,AC04,2025-03-15
40046,VA319,HYD,CCU,AC05,2025-08-14
40047,VA983,SIN,PNQ,AC10,2025-01-29
40048,VA483,BKK,KTM,AC02,2025-06-12
40049,VA586,KTM,SIN,AC04,2025-05-23
40050,VA586,MAA,AUH,AC06,2026-02-25
40051,VA760,AMD,DEL,AC10,2025-01-18
40052,VA918,HKG,JFK,AC01,2025-12-20
40053,VA359,JFK,GOI,AC09,2025-07-16
40054,VA817,AMD,CDG,AC06,2026-02-20
40055,VA647,JFK,HYD,AC04,2026-03-16
40056,VA108,KUL,DOH,AC07,2025-05-11
40057,VA942,AMD,BLR,AC04,2025-06-02
40058,VA549,COK,CCU,AC06,2026-03-27
40059,VA908,CDG,SIN,AC01,2025-05-21
40060,VA582,BLR,BKK,AC07,2026-03-07
40061,VA532,DXB,SFO,AC02,2026-02-27
40062,VA367,CCU,SFO,AC09,2025-02-03
40063,VA716,AUH,SIN,AC09,2026-01-13
40064,VA811,DXB,KUL,AC01,2026-01-26
40065,VA756,BOM,CDG,AC03,2025-11-19
40066,VA239,KUL,CDG,AC01,2025-07-25
40067,VA412,COK,CDG,AC06,2025-10-22
40068,VA261,BLR,HYD,AC04,2025-09-22
40069,VA881,SFO,CDG,AC03,2026-03-10
40070,VA520,FRA,JFK,AC06,2025-08-20
40071,VA236,BKK,HKG,AC05,2025-03-30
40072,VA946,JFK,LHR,AC06,2026-02-14
40073,VA186,AMD,COK,AC07,2025-07-08
40074,VA997,CCU,DOH,AC07,2026-03-04
40075,VA121,LHR,GOI,AC01,2025-10-13
40076,VA741,CDG,FRA,AC04,2025-02-15
40077,VA368,KUL,COK,AC03,2025-01-26
40078,VA539,DOH,FRA,AC10,2025-05-14
40079,VA476,MAA,BLR,AC03,2025-10-18
40080,VA835,HYD,DEL,AC09,2025-08-11
40081,VA606,KUL,JFK,AC02,2025-04-25
40082,VA295,SFO,COK,AC05,2025-05-28
40083,VA491,HKG,BKK,AC03,2025-08-09
40084,VA320,COK,FRA,AC05,2026-01-08
40085,VA528,JFK,COK,AC03,2025-07-29
40086,VA397,MAA,DEL,AC05,2025-05-01
40087,VA354,FRA,KUL,AC06,2025-10-26
40088,VA569,JFK,CDG,AC02,2025-01-06
40089,VA992,BKK,MAA,AC06,2025-12-21
40090,VA317,DOH,JFK,AC07,2025-12-29
40091,VA711,SIN,HKG,AC05,2025-02-07
40092,VA160,HYD,KTM,AC01,2025-06-20
40093,VA462,GOI,BKK,AC10,2025-12-10
40094,VA866,FRA,SFO,AC01,2025-01-03
40095,VA734,PNQ,CMB,AC07,2025-06-04
40096,VA479,DOH,JFK,AC03,2025-10-14
40097,VA283,BOM,LHR,AC05,2025-03-28
40098,VA447,CMB,BKK,AC08,2025-03-09
40099,VA827,BLR,DXB,AC09,2025-08-10
40100,VA219,MAA,PNQ,AC06,2025-01-23
40101,VA992,MAA,BKK,AC05,2026-01-18
40102,VA389,AUH,SIN,AC05,2025-11-10
40103,VA420,PNQ,CMB,AC07,2025-03-26
40104,VA603,DXB,HKG,AC03,2025-10-12
40105,VA917,JFK,CDG,AC08,2025-01-28
40106,VA155,COK,MAA,AC04,2025-04-04
40107,VA366,BOM,BKK,AC03,2025-12-28
40108,VA218,KUL,SIN,AC08,2025-01-21
40109,VA826,KUL,AUH,AC09,2025-09-06
40110,VA215,KUL,BKK,AC03,2025-03-05
40111,VA308,AUH,BLR,AC05,2025-04-03
40112,VA620,CCU,HKG,AC05,2025-10-16
40113,VA317,JFK,LHR,AC10,2025-01-03
40114,VA284,CMB,LHR,AC07,2025-02-09
40115,VA793,GOI,BKK,AC02,2026-03-31
40116,VA391,DXB,DEL,AC02,2025-07-21
40117,VA208,AUH,LHR,AC06,2025-03-20
40118,VA571,DEL,BLR,AC08,2025-08-21
40119,VA708,CDG,PNQ,AC01,2025-06-18
40120,VA737,BOM,CDG,AC08,2025-06-16
40121,VA232,HKG,LHR,AC04,2026-03-18
40122,VA389,BOM,CDG,AC06,2026-02-13
40123,VA172,BOM,HKG,AC09,2025-11-05
40124,VA508,DOH,BLR,AC05,2025-04-02
40125,VA191,GOI,DOH,AC01,2026-03-13
40126,VA497,COK,CCU,AC07,2025-05-26
40127,VA223,CDG,MAA,AC05,2025-09-09
40128,VA925,SIN,HKG,AC05,2025-12-17
40129,VA467,FRA,MAA,AC02,2026-03-03
40130,VA304,AUH,CMB,AC08,2025-08-17
40131,VA374,DOH,BKK,AC10,2025-11-04
40132,VA874,SIN,BLR,AC07,2026-02-20
40133,VA290,AUH,FRA,AC07,2025-11-19
40134,VA141,SIN,BLR,AC09,2025-06-24
40135,VA329,KUL,JFK,AC03,2025-09-11
40136,VA762,CMB,CDG,AC09,2025-02-12
40137,VA547,AMD,KUL,AC02,2026-02-15
40138,VA252,BKK,AMD,AC03,2025-12-17
40139,VA635,AMD,GOI,AC07,2025-06-01
40140,VA664,LHR,BOM,AC02,2025-01-24
40141,VA622,CMB,HYD,AC07,2025-07-31
40142,VA776,HYD,KUL,AC10,2026-02-21
40143,VA360,PNQ,AUH,AC10,2025-02-11
40144,VA216,CMB,DEL,AC08,2025-04-02
40145,VA146,CCU,DOH,AC02,2025-08-02
40146,VA421,SFO,AMD,AC10,2026-01-06
40147,VA560,KUL,JFK,AC10,2026-02-18
40148,VA992,PNQ,DXB,AC03,2025-04-19
40149,VA864,CCU,BLR,AC10,2025-05-13
40150,VA544,JFK,HYD,AC09,2025-01-10
40151,VA219,DEL,DOH,AC01,2025-03-29
40152,VA571,CDG,BKK,AC07,2026-03-21
40153,VA716,JFK,HKG,AC08,2025-06-05
40154,VA807,FRA,AUH,AC07,2026-02-16
40155,VA228,AMD,BLR,AC03,2025-01-08
40156,VA935,COK,HYD,AC01,2025-12-23
40157,VA314,COK,DEL,AC08,2025-11-29
40158,VA347,MAA,CDG,AC07,2026-03-08
40159,VA295,CDG,KTM,AC02,2025-06-04
40160,VA585,KUL,MAA,AC07,2025-01-12
40161,VA256,HYD,CCU,AC08,2025-09-06
40162,VA980,BKK,DEL,AC08,2025-10-27
40163,VA401,GOI,COK,AC10,2026-03-01
40164,VA441,DOH,BOM,AC01,2025-02-22
40165,VA542,CDG,SFO,AC07,2026-03-11
40166,VA692,BKK,HKG,AC10,2026-01-10
40167,VA137,KTM,AMD,AC08,2025-07-24
40168,VA705,BKK,CMB,AC10,2025-12-14
40169,VA831,BKK,GOI,AC01,2025-09-28
40170,VA690,DEL,SIN,AC06,2025-10-11
40171,VA763,BLR,PNQ,AC07,2025-08-31
40172,VA737,HYD,BKK,AC06,2025-08-18
40173,VA121,SFO,SIN,AC03,2025-05-28
40174,VA580,HKG,COK,AC06,2025-08-13
40175,VA324,GOI,CMB,AC10,2025-12-17
40176,VA973,DXB,FRA,AC08,2025-03-09
40177,VA828,AMD,HKG,AC07,2025-08-02
40178,VA852,JFK,CDG,AC06,2026-02-12
40179,VA736,BKK,CCU,AC04,2025-05-25
40180,VA188,SFO,HKG,AC08,2025-03-08
40181,VA260,CCU,COK,AC10,2025-09-09
40182,VA605,HYD,SIN,AC05,2025-05-01
40183,VA148,COK,KTM,AC01,2025-07-03
40184,VA793,PNQ,AUH,AC03,2025-03-31
40185,VA926,CMB,BOM,AC02,2025-06-22
40186,VA732,SIN,HYD,AC04,2025-03-03
40187,VA598,KTM,GOI,AC05,2025-06-24
40188,VA888,AUH,BOM,AC09,2025-05-17
40189,VA994,MAA,SFO,AC09,2025-11-06
40190,VA823,JFK,HYD,AC01,2025-08-13
40191,VA208,KUL,HYD,AC10,2025-11-09
40192,VA142,HYD,KTM,AC09,2025-02-23
40193,VA220,CCU,CDG,AC04,2025-07-05
40194,VA399,CCU,HKG,AC08,2026-01-26
40195,VA850,CMB,BKK,AC02,2025-03-20
40196,VA442,CDG,AUH,AC03,2025-03-04
40197,VA525,COK,KUL,AC01,2025-05-06
40198,VA393,BKK,DXB,AC09,2025-03-29
40199,VA481,BLR,PNQ,AC07,2025-07-04
40200,VA351,CDG,JFK,AC03,2026-01-21
40201,VA906,CMB,SIN,AC04,2025-03-12
40202,VA972,SIN,KUL,AC09,2026-02-11
40203,VA130,JFK,AUH,AC08,2025-03-16
40204,VA925,DEL,SFO,AC09,2025-02-05
40205,VA422,BLR,DXB,AC07,2026-01-31
40206,VA162,CCU,SIN,AC07,2026-01-24
40207,VA756,BOM,JFK,AC03,2025-10-22
40208,VA830,BOM,CDG,AC09,2025-06-01
40209,VA797,SIN,DOH,AC09,2026-03-24
40210,VA860,AMD,HKG,AC06,2025-06-26
40211,VA640,DEL,PNQ,AC10,2025-03-17
40212,VA556,SFO,DOH,AC04,2026-03-31
40213,VA907,KTM,FRA,AC10,2025-11-30
40214,VA453,KUL,SFO,AC07,2026-02-02
40215,VA186,COK,AMD,AC01,2025-10-03
40216,VA842,DXB,DOH,AC03,2025-09-24
40217,VA318,KTM,AMD,AC02,2025-09-19
40218,VA633,KTM,AMD,AC06,2026-01-23
40219,VA123,CDG,CCU,AC01,2026-02-12
40220,VA364,KTM,LHR,AC04,2026-03-03
40221,VA532,AMD,HKG,AC09,2025-02-26
40222,VA961,HKG,BOM,AC06,2025-05-13
40223,VA462,CDG,CMB,AC02,2025-01-25
40224,VA559,CDG,HYD,AC05,2025-10-21
40225,VA564,HKG,DEL,AC06,2025-05-01
40226,VA679,HKG,LHR,AC09,2026-03-09
40227,VA458,FRA,GOI,AC05,2025-05-26
40228,VA686,JFK,SFO,AC03,2026-01-01
40229,VA855,DOH,CMB,AC04,2025-02-23
40230,VA696,DXB,CMB,AC04,2026-02-26
40231,VA200,AUH,KUL,AC03,2025-12-31
40232,VA194,SIN,BLR,AC01,2025-08-06
40233,VA319,MAA,BKK,AC08,2025-02-09
40234,VA638,AUH,JFK,AC07,2025-10-29
40235,VA897,KTM,CMB,AC07,2026-03-23
40236,VA610,PNQ,LHR,AC07,2025-08-14
40237,VA849,SFO,BKK,AC07,2026-02-26
40238,VA617,CCU,MAA,AC03,2025-09-06
40239,VA232,SFO,KUL,AC09,2026-03-18
40240,VA811,CMB,HYD,AC04,2025-08-22
40241,VA864,BKK,BOM,AC03,2025-10-14
40242,VA716,AUH,HYD,AC07,2025-02-26
40243,VA685,HYD,AUH,AC05,2025-01-21
40244,VA220,CMB,MAA,AC06,2025-06-06
40245,VA401,AUH,AMD,AC08,2025-01-15
40246,VA531,MAA,LHR,AC01,2025-06-06
40247,VA287,AMD,COK,AC08,2025-01-02
40248,VA457,HYD,KTM,AC02,2026-03-22
40249,VA592,BOM,SIN,AC10,2025-06-08
40250,VA445,LHR,KUL,AC07,2025-09-01
40251,VA235,HKG,FRA,AC03,2025-09-16
40252,VA879,CDG,KUL,AC08,2025-12-08
40253,VA987,KUL,MAA,AC06,2025-02-15
40254,VA738,FRA,JFK,AC07,2025-07-18
40255,VA447,GOI,DOH,AC09,2025-01-24
40256,VA853,JFK,KUL,AC05,2025-11-27
40257,VA824,BLR,CCU,AC01,2025-10-20
40258,VA416,CDG,SFO,AC09,2025-11-27
40259,VA672,HYD,CDG,AC02,2025-04-09
40260,VA690,FRA,KTM,AC01,2025-10-19
40261,VA868,CMB,COK,AC08,2025-09-15
40262,VA774,DEL,HYD,AC09,2025-04-03
40263,VA905,DEL,PNQ,AC04,2025-05-06
40264,VA554,SFO,LHR,AC02,2026-02-18
40265,VA428,KTM,FRA,AC07,2025-10-29
40266,VA982,BOM,BKK,AC01,2025-06-24
40267,VA524,SIN,CCU,AC01,2026-03-17
40268,VA491,CMB,DXB,AC05,2025-02-16
40269,VA272,HYD,KTM,AC05,2025-03-15
40270,VA886,CCU,PNQ,AC02,2025-03-20
40271,VA794,AMD,SIN,AC03,2025-01-31
40272,VA285,FRA,DXB,AC01,2026-01-01
40273,VA499,BOM,AMD,AC02,2025-06-13
40274,VA431,MAA,SIN,AC05,2025-07-12
40275,VA307,HYD,BOM,AC04,2026-01-21
40276,VA342,FRA,LHR,AC08,2025-09-18
40277,VA217,CMB,DOH,AC05,2025-02-01
40278,VA666,DXB,KUL,AC07,2025-02-03
40279,VA517,BKK,DEL,AC04,2026-03-30
40280,VA667,DEL,PNQ,AC10,2025-12-12
40281,VA881,HYD,GOI,AC09,2025-11-30
40282,VA681,MAA,AMD,AC07,2025-08-17
40283,VA612,BLR,CDG,AC04,2026-02-05
40284,VA653,MAA,AUH,AC03,2026-02-05
40285,VA533,GOI,KTM,AC09,2025-08-20
40286,VA932,BOM,DEL,AC08,2026-03-01
40287,VA768,FRA,AMD,AC03,2025-01-01
40288,VA379,BOM,BKK,AC10,2025-05-09
40289,VA459,JFK,DOH,AC04,2025-10-27
40290,VA146,CMB,AMD,AC03,2026-01-14
40291,VA171,KTM,LHR,AC05,2025-02-15
40292,VA225,DOH,SFO,AC03,2026-01-07
40293,VA999,KTM,PNQ,AC07,2025-04-18
40294,VA921,FRA,CMB,AC06,2026-03-29
40295,VA750,JFK,DXB,AC05,2026-01-21
40296,VA379,SFO,KUL,AC04,2025-12-06
40297,VA570,DXB,COK,AC10,2025-06-18
40298,VA236,DEL,SFO,AC01,2025-11-08
40299,VA109,BKK,DEL,AC03,2025-07-31
40300,VA820,KTM,SFO,AC08,2026-01-26
40301,VA183,DOH,KTM,AC02,2025-10-03
40302,VA555,DEL,JFK,AC02,2025-06-30
40303,VA466,DOH,FRA,AC07,2025-04-01
40304,VA227,SFO,DEL,AC08,2025-07-09
40305,VA109,COK,KUL,AC04,2026-01-16
40306,VA796,DEL,PNQ,AC06,2025-04-09
40307,VA740,BLR,FRA,AC05,2026-02-18
40308,VA339,SFO,GOI,AC08,2025-07-05
40309,VA604,BOM,PNQ,AC10,2025-04-18
40310,VA940,DEL,COK,AC07,2025-02-26
40311,VA612,PNQ,LHR,AC08,2025-03-29
40312,VA775,KTM,COK,AC10,2025-12-11
40313,VA678,JFK,FRA,AC03,2025-02-03
40314,VA863,LHR,MAA,AC02,2025-03-07
40315,VA976,PNQ,LHR,AC04,2026-03-28
40316,VA901,CMB,HKG,AC05,2025-04-09
40317,VA809,JFK,DEL,AC09,2025-11-11
40318,VA673,PNQ,JFK,AC08,2025-01-02
40319,VA789,SIN,CDG,AC01,2026-03-14
40320,VA964,DXB,SIN,AC07,2025-05-21
40321,VA630,HYD,JFK,AC08,2025-09-11
40322,VA877,AUH,CMB,AC01,2026-03-29
40323,VA148,HKG,GOI,AC05,2025-08-04
40324,VA423,KTM,KUL,AC01,2025-07-20
40325,VA183,COK,DXB,AC10,2026-02-18
40326,VA331,DEL,HKG,AC07,2025-02-08
40327,VA268,GOI,COK,AC06,2025-06-09
40328,VA740,BLR,CDG,AC02,2025-01-15
40329,VA927,BKK,SIN,AC01,2025-10-31
40330,VA960,CDG,DXB,AC05,2025-05-07
40331,VA344,HYD,BKK,AC06,2026-03-03
40332,VA632,BOM,DXB,AC04,2025-02-07
40333,VA882,FRA,KUL,AC02,2025-11-17
40334,VA227,KUL,LHR,AC02,2025-02-01
40335,VA420,BOM,DOH,AC02,2026-02-05
40336,VA921,MAA,BOM,AC08,2025-01-29
40337,VA741,AMD,FRA,AC07,2025-02-03
40338,VA157,HYD,JFK,AC09,2025-01-27
40339,VA511,AMD,DOH,AC02,2025-11-13
40340,VA985,SIN,GOI,AC10,2026-02-08
40341,VA110,JFK,FRA,AC08,2025-07-16
40342,VA735,KUL,SIN,AC10,2025-02-21
40343,VA791,DXB,CDG,AC01,2025-08-21
40344,VA701,CMB,DXB,AC04,2025-02-25
40345,VA709,HYD,DEL,AC02,2025-10-31
40346,VA229,COK,LHR,AC09,2025-05-12
40347,VA592,AUH,SIN,AC10,2025-08-16
40348,VA240,CCU,GOI,AC01,2025-01-31
40349,VA698,MAA,AMD,AC07,2025-09-20
40350,VA418,CDG,AUH,AC10,2026-03-30
40351,VA250,KTM,MAA,AC08,2025-06-08
40352,VA398,FRA,DXB,AC06,2025-01-05
40353,VA773,CMB,LHR,AC03,2025-01-30
40354,VA938,GOI,CMB,AC09,2026-03-16
40355,VA452,BOM,SIN,AC04,2025-04-13
40356,VA904,CDG,COK,AC02,2025-06-24
40357,VA587,COK,JFK,AC08,2025-11-04
40358,VA972,SFO,DXB,AC10,2025-10-17
40359,VA406,DXB,FRA,AC07,2025-06-18
40360,VA565,CCU,HYD,AC01,2025-09-11
40361,VA754,GOI,DEL,AC04,2025-12-21
40362,VA738,GOI,KUL,AC04,2025-05-03
40363,VA886,BKK,HKG,AC06,2026-02-18
40364,VA310,HKG,DOH,AC07,2025-04-05
40365,VA110,DEL,AUH,AC02,2025-07-03
40366,VA217,DEL,KTM,AC03,2025-05-29
40367,VA746,KUL,COK,AC10,2026-01-27
40368,VA130,AUH,BOM,AC04,2025-04-12
40369,VA324,AMD,CCU,AC05,2026-01-04
40370,VA967,CCU,DXB,AC09,2025-05-06
40371,VA122,CCU,COK,AC03,2026-03-08
40372,VA121,PNQ,HYD,AC03,2025-07-14
40373,VA446,CDG,HYD,AC04,2025-06-06
40374,VA478,KUL,GOI,AC06,2025-12-05
40375,VA918,CCU,CMB,AC10,2026-03-28
40376,VA166,SIN,SFO,AC02,2025-03-15
40377,VA296,MAA,COK,AC09,2025-07-13
40378,VA425,SFO,AUH,AC10,2025-08-08
40379,VA147,CDG,GOI,AC10,2025-10-28
40380,VA401,COK,KTM,AC03,2025-06-17
40381,VA744,GOI,BOM,AC05,2026-03-23
40382,VA698,MAA,CMB,AC08,2025-04-18
40383,VA903,HKG,BLR,AC08,2026-02-09
40384,VA166,JFK,FRA,AC03,2025-09-18
40385,VA869,DOH,CDG,AC09,2025-07-11
40386,VA575,BKK,CMB,AC03,2025-06-14
40387,VA638,SFO,AUH,AC08,2026-01-02
40388,VA695,BKK,PNQ,AC07,2025-11-23
40389,VA137,LHR,CDG,AC04,2025-04-23
40390,VA983,COK,KUL,AC04,2025-07-22
40391,VA535,COK,AMD,AC07,2025-10-20
40392,VA360,CCU,AUH,AC09,2025-02-13
40393,VA402,MAA,BLR,AC08,2025-09-23
40394,VA697,AUH,GOI,AC01,2025-08-27
40395,VA444,CMB,FRA,AC07,2025-08-19
40396,VA518,KUL,SIN,AC06,2026-02-16
40397,VA379,BKK,DXB,AC07,2025-01-13
40398,VA339,CCU,KUL,AC05,2025-11-27
40399,VA184,BLR,AUH,AC05,2026-03-08
40400,VA759,CMB,KTM,AC02,2026-02-07
40401,VA200,PNQ,GOI,AC02,2025-02-06
40402,VA659,AUH,BOM,AC04,2025-06-20
40403,VA437,COK,JFK,AC05,2025-06-04
40404,VA965,HKG,JFK,AC05,2025-04-08
40405,VA241,SFO,FRA,AC09,2025-05-14
40406,VA388,DEL,AMD,AC06,2026-02-05
40407,VA875,DOH,LHR,AC01,2025-08-30
40408,VA879,CDG,CMB,AC03,2026-03-20
40409,VA332,DOH,GOI,AC04,2025-08-31
40410,VA701,GOI,CMB,AC09,2026-01-23
40411,VA933,KUL,HKG,AC08,2025-06-24
40412,VA966,BLR,DXB,AC04,2025-08-08
40413,VA314,SFO,SIN,AC08,2025-08-19
40414,VA483,KTM,DEL,AC03,2025-10-23
40415,VA855,MAA,AMD,AC01,2025-09-13
40416,VA447,JFK,AUH,AC04,2025-08-03
40417,VA870,SIN,JFK,AC07,2026-01-26
40418,VA406,SFO,KTM,AC06,2025-10-28
40419,VA904,DEL,LHR,AC01,2025-03-13
40420,VA681,MAA,DXB,AC10,2025-11-08
40421,VA490,LHR,DOH,AC04,2025-07-20
40422,VA495,BLR,KTM,AC04,2025-09-01
40423,VA683,HYD,DXB,AC08,2025-11-24
40424,VA275,AMD,BLR,AC02,2025-12-12
40425,VA132,KTM,CCU,AC10,2025-09-08
40426,VA303,DEL,CCU,AC02,2025-07-17
40427,VA338,AMD,COK,AC05,2025-12-04
40428,VA565,CMB,BLR,AC01,2025-07-08
40429,VA275,CMB,DEL,AC06,2026-03-17
40430,VA260,SIN,DOH,AC02,2025-03-08
40431,VA589,KTM,SIN,AC02,2025-07-19
40432,VA991,COK,MAA,AC04,2025-06-08
40433,VA780,SIN,SFO,AC08,2025-03-23
40434,VA417,FRA,LHR,AC10,2025-04-14
40435,VA801,CMB,SFO,AC08,2025-05-22
40436,VA246,COK,DEL,AC08,2025-02-02
40437,VA926,DOH,FRA,AC04,2025-09-27
40438,VA602,DXB,LHR,AC08,2025-08-25
40439,VA854,LHR,BOM,AC02,2025-05-28
40440,VA455,CDG,KUL,AC05,2025-07-20
40441,VA525,FRA,CCU,AC04,2025-04-02
40442,VA542,FRA,HKG,AC08,2025-07-16
40443,VA815,JFK,CCU,AC10,2025-02-18
40444,VA144,DOH,SFO,AC04,2026-03-30
40445,VA743,CCU,PNQ,AC09,2025-05-30
40446,VA814,JFK,BLR,AC04,2025-09-10
40447,VA224,SIN,KTM,AC06,2025-02-09
40448,VA884,HYD,CMB,AC06,2025-07-29
40449,VA358,KUL,CCU,AC04,2025-09-17
40450,VA127,BOM,KUL,AC02,2025-11-24
40451,VA867,SFO,JFK,AC08,2025-07-15
40452,VA508,DXB,HKG,AC04,2025-07-23
40453,VA356,BOM,DEL,AC02,2025-12-30
40454,VA786,MAA,DXB,AC08,2025-09-06
40455,VA184,KUL,BLR,AC09,2025-12-03
40456,VA548,GOI,SFO,AC03,2025-08-30
40457,VA274,PNQ,CCU,AC01,2025-11-07
40458,VA401,HYD,CCU,AC02,2025-10-01
40459,VA272,HKG,DOH,AC02,2025-12-10
40460,VA379,DEL,JFK,AC03,2025-08-14
40461,VA321,AUH,CCU,AC01,2025-12-12
40462,VA552,KTM,COK,AC01,2026-03-05
40463,VA756,CDG,CMB,AC02,2025-07-19
40464,VA554,SFO,AMD,AC01,2025-11-03
40465,VA890,DEL,BOM,AC07,2026-01-28
40466,VA483,COK,GOI,AC04,2025-04-13
40467,VA531,BLR,DEL,AC01,2025-01-08
40468,VA796,DXB,COK,AC02,2025-04-23
40469,VA271,HYD,JFK,AC03,2025-01-23
40470,VA210,SIN,CMB,AC06,2025-06-15
40471,VA294,KTM,CDG,AC10,2025-04-17
40472,VA538,KTM,DOH,AC02,2025-04-29
40473,VA465,COK,HYD,AC06,2025-03-30
40474,VA769,DEL,DOH,AC06,2025-01-07
40475,VA569,DOH,COK,AC04,2025-02-03
40476,VA765,JFK,PNQ,AC10,2025-07-08
40477,VA323,BOM,BLR,AC07,2025-06-04
40478,VA204,FRA,BKK,AC09,2026-02-10
40479,VA357,LHR,CCU,AC02,2025-11-04
40480,VA813,DXB,CDG,AC07,2025-12-14
40481,VA440,SFO,MAA,AC03,2025-11-22
40482,VA971,SFO,DXB,AC08,2025-02-04
40483,VA723,DXB,DEL,AC10,2025-08-18
40484,VA755,DOH,CMB,AC04,2025-09-15
40485,VA113,LHR,SFO,AC04,2025-01-11
40486,VA416,FRA,HYD,AC04,2026-01-13
40487,VA734,SIN,GOI,AC02,2025-01-31
40488,VA610,MAA,AUH,AC05,2025-04-14
40489,VA309,MAA,DOH,AC01,2025-05-02
40490,VA554,HKG,FRA,AC06,2025-03-10
40491,VA759,PNQ,DXB,AC01,2025-09-24
40492,VA932,SIN,CDG,AC05,2026-01-20
40493,VA967,DEL,GOI,AC06,2025-06-25
40494,VA652,GOI,COK,AC01,2025-12-07
40495,VA812,GOI,JFK,AC04,2025-11-08
40496,VA429,DOH,CMB,AC03,2025-08-15
40497,VA166,CDG,DEL,AC08,2025-02-05
40498,VA749,COK,BOM,AC03,2025-04-15
40499,VA277,MAA,BLR,AC10,2025-10-09
40500,VA619,COK,GOI,AC02,2025-08-07
40501,VA418,HKG,KUL,AC03,2026-01-05
40502,VA534,COK,GOI,AC03,2025-11-07
40503,VA392,GOI,AMD,AC10,2025-08-18
40504,VA378,CDG,COK,AC08,2025-02-10
40505,VA486,AUH,DOH,AC03,2025-08-30
40506,VA617,KUL,SIN,AC10,2026-01-12
40507,VA939,SIN,MAA,AC08,2025-01-11
40508,VA974,DOH,SIN,AC02,2026-01-24
40509,VA650,AMD,FRA,AC03,2025-10-11
40510,VA363,HKG,CCU,AC07,2025-08-26
40511,VA390,AMD,KUL,AC07,2025-10-15
40512,VA173,FRA,BKK,AC06,2025-03-11
40513,VA300,SFO,BKK,AC03,2025-04-08
40514,VA847,DEL,CMB,AC06,2025-09-09
40515,VA504,DOH,SIN,AC06,2025-07-16
40516,VA756,BKK,AMD,AC10,2025-02-06
40517,VA227,SIN,BOM,AC07,2025-10-17
40518,VA881,CCU,COK,AC07,2025-05-11
40519,VA621,HKG,AUH,AC08,2025-11-22
40520,VA813,SFO,AUH,AC01,2025-11-30
40521,VA853,DOH,SIN,AC04,2025-05-05
40522,VA932,BKK,BOM,AC06,2025-11-20
40523,VA128,SFO,JFK,AC03,2025-05-14
40524,VA797,FRA,KUL,AC03,2025-05-11
40525,VA692,GOI,FRA,AC03,2025-01-07
40526,VA759,HYD,BLR,AC07,2025-07-23
40527,VA182,SFO,LHR,AC09,2025-04-07
40528,VA949,SIN,CCU,AC07,2025-05-10
40529,VA612,SFO,AMD,AC09,2025-12-04
40530,VA415,DOH,LHR,AC07,2026-01-21
40531,VA211,HKG,BLR,AC10,2026-02-02
40532,VA375,AUH,MAA,AC04,2026-01-19
40533,VA415,DOH,SFO,AC01,2025-03-28
40534,VA199,BKK,DEL,AC02,2026-02-01
40535,VA637,SFO,SIN,AC07,2025-12-02
40536,VA541,AMD,HKG,AC03,2025-04-01
40537,VA820,AUH,CCU,AC03,2025-04-12
40538,VA614,BKK,CCU,AC02,2025-08-19
40539,VA290,LHR,COK,AC04,2025-01-31
40540,VA928,HKG,CCU,AC04,2025-05-13
40541,VA741,SIN,KUL,AC10,2025-02-25
40542,VA181,CDG,CCU,AC05,2025-02-13
40543,VA383,DOH,HYD,AC02,2025-06-25
40544,VA340,DEL,LHR,AC08,2025-09-06
40545,VA109,JFK,HYD,AC01,2025-05-17
40546,VA696,DEL,JFK,AC01,2025-02-19
40547,VA910,COK,CMB,AC01,2025-07-12
40548,VA879,FRA,CMB,AC05,2025-09-06
40549,VA718,BKK,DXB,AC07,2025-06-22
40550,VA451,AUH,JFK,AC06,2026-02-23
40551,VA781,GOI,AUH,AC07,2025-07-13
40552,VA464,FRA,BOM,AC06,2026-02-17
40553,VA567,HYD,DEL,AC07,2026-01-07
40554,VA716,MAA,DEL,AC02,2026-03-21
40555,VA816,CMB,PNQ,AC04,2025-07-08
40556,VA802,KUL,FRA,AC08,2025-09-21
40557,VA292,SIN,JFK,AC01,2025-11-23
40558,VA748,DXB,DEL,AC06,2026-03-24
40559,VA433,BOM,HKG,AC08,2025-04-30
40560,VA509,FRA,BKK,AC10,2026-02-11
40561,VA538,BLR,AUH,AC08,2025-12-04
40562,VA851,SFO,HYD,AC07,2025-05-31
40563,VA829,FRA,COK,AC03,2026-03-22
40564,VA903,CMB,LHR,AC09,2025-01-17
40565,VA915,MAA,BKK,AC02,2025-06-04
40566,VA995,JFK,KTM,AC08,2025-03-28
40567,VA593,KUL,HYD,AC09,2025-05-04
40568,VA274,GOI,COK,AC02,2025-02-24
40569,VA129,SIN,SFO,AC03,2025-06-17
40570,VA325,DOH,PNQ,AC05,2025-12-07
40571,VA226,BKK,JFK,AC03,2025-10-01
40572,VA603,CDG,HKG,AC02,2026-02-12
40573,VA992,SFO,DXB,AC04,2025-10-22
40574,VA759,FRA,BLR,AC06,2025-07-13
40575,VA853,SFO,HKG,AC07,2025-12-01
40576,VA976,CDG,KTM,AC07,2026-02-18
40577,VA218,GOI,PNQ,AC05,2025-02-14
40578,VA448,HYD,BLR,AC10,2025-04-07
40579,VA686,HKG,HYD,AC06,2025-03-07
40580,VA690,DXB,DOH,AC01,2025-06-09
40581,VA648,BOM,LHR,AC04,2026-03-10
40582,VA427,DOH,SIN,AC06,2026-02-13
40583,VA632,JFK,MAA,AC10,2025-10-30
40584,VA504,GOI,HYD,AC01,2025-10-03
40585,VA248,KUL,DXB,AC05,2026-03-05
40586,VA796,GOI,BKK,AC08,2025-03-17
40587,VA249,FRA,AMD,AC01,2025-11-03
40588,VA614,DXB,AMD,AC02,2025-05-21
40589,VA589,SFO,LHR,AC04,2025-09-11
40590,VA485,AMD,SFO,AC01,2026-02-19
40591,VA947,DXB,MAA,AC04,2026-03-11
40592,VA817,HKG,GOI,AC01,2026-03-20
40593,VA844,CCU,BKK,AC07,2025-06-03
40594,VA122,JFK,CCU,AC09,2025-07-20
40595,VA794,DXB,SIN,AC08,2025-06-28
40596,VA640,DOH,BLR,AC05,2025-05-25
40597,VA817,SFO,COK,AC09,2025-07-21
40598,VA431,HYD,MAA,AC10,2026-03-20
40599,VA411,BOM,SFO,AC08,2025-12-02
40600,VA240,CCU,LHR,AC08,2025-12-23
40601,VA248,BKK,AMD,AC04,2025-04-22
40602,VA852,HKG,COK,AC01,2025-07-05
40603,VA204,HKG,LHR,AC03,2025-07-12
40604,VA961,SIN,JFK,AC03,2025-01-29
40605,VA585,HYD,AUH,AC03,2025-01-27
40606,VA765,HYD,CMB,AC06,2025-10-31
40607,VA742,SIN,MAA,AC07,2025-05-06
40608,VA346,BOM,HYD,AC07,2025-09-08
40609,VA710,AMD,SFO,AC03,2025-12-01
40610,VA894,HKG,DOH,AC02,2026-02-03
40611,VA491,KUL,CDG,AC05,2025-11-20
40612,VA476,CDG,KUL,AC01,2025-03-03
40613,VA224,HYD,BLR,AC08,2025-11-25
40614,VA330,JFK,CMB,AC01,2025-10-28
40615,VA380,LHR,BKK,AC02,2026-02-11
40616,VA493,LHR,CCU,AC08,2025-11-27
40617,VA405,SFO,SIN,AC10,2025-03-06
40618,VA165,HYD,DXB,AC09,2025-04-05
40619,VA120,DOH,SFO,AC07,2025-10-12
40620,VA600,KTM,CMB,AC02,2025-09-23
40621,VA830,LHR,KTM,AC02,2026-01-21
40622,VA220,COK,JFK,AC03,2026-03-18
40623,VA284,FRA,SFO,AC01,2025-10-12
40624,VA225,KUL,DXB,AC01,2025-03-07
40625,VA768,LHR,COK,AC03,2025-02-14
40626,VA971,KTM,PNQ,AC01,2025-02-13
40627,VA405,HYD,CMB,AC06,2025-10-06
40628,VA773,CCU,SIN,AC01,2025-05-08
40629,VA631,AMD,BOM,AC05,2025-12-04
40630,VA243,KTM,KUL,AC10,2025-09-09
40631,VA635,SFO,DXB,AC06,2025-11-07
40632,VA314,KTM,CMB,AC02,2025-12-06
40633,VA137,BOM,GOI,AC04,2025-03-14
40634,VA237,AMD,COK,AC10,2025-10-10
40635,VA467,COK,LHR,AC05,2025-03-07
40636,VA532,HKG,FRA,AC02,2025-10-09
40637,VA765,PNQ,DOH,AC03,2025-07-24
40638,VA360,KUL,BLR,AC07,2025-12-22
40639,VA308,MAA,KTM,AC02,2025-11-19
40640,VA748,HKG,PNQ,AC04,2026-01-01
40641,VA773,AUH,LHR,AC09,2025-11-06
40642,VA941,CCU,SIN,AC03,2025-06-11
40643,VA126,SIN,DOH,AC10,2025-05-07
40644,VA227,BLR,PNQ,AC09,2025-02-26
40645,VA516,JFK,KTM,AC02,2025-06-18
40646,VA471,CDG,BLR,AC06,2026-02-03
40647,VA989,PNQ,MAA,AC04,2025-05-21
40648,VA486,DEL,HYD,AC04,2025-07-13
40649,VA639,HYD,CCU,AC05,2025-10-29
40650,VA641,BKK,HYD,AC06,2025-12-25
40651,VA664,LHR,AMD,AC05,2025-11-08
40652,VA274,HYD,BOM,AC06,2026-01-20
40653,VA453,DOH,CCU,AC09,2025-10-10
40654,VA588,FRA,DOH,AC10,2025-03-07
40655,VA803,PNQ,DEL,AC09,2026-01-01
40656,VA229,MAA,JFK,AC03,2025-07-13
40657,VA373,LHR,HKG,AC01,2026-01-07
40658,VA824,CDG,AUH,AC04,2025-12-14
40659,VA823,FRA,SIN,AC08,2025-04-04
40660,VA917,KUL,AUH,AC08,2025-09-15
40661,VA538,AMD,PNQ,AC09,2026-01-03
40662,VA750,GOI,AMD,AC02,2025-06-06
40663,VA965,SIN,DXB,AC02,2025-11-21
40664,VA345,BLR,HKG,AC02,2025-03-26
40665,VA186,LHR,BOM,AC05,2025-10-11
40666,VA534,BKK,DEL,AC09,2026-01-10
40667,VA609,MAA,BKK,AC09,2025-12-17
40668,VA814,JFK,KTM,AC02,2025-07-27
40669,VA294,DEL,FRA,AC01,2026-01-01
40670,VA647,SIN,SFO,AC06,2025-05-06
40671,VA943,HKG,JFK,AC09,2025-12-17
40672,VA721,FRA,BOM,AC08,2025-03-28
40673,VA330,JFK,CMB,AC03,2025-02-08
40674,VA626,AUH,MAA,AC06,2025-01-27
40675,VA488,SIN,BKK,AC03,2025-07-11
40676,VA795,HYD,DXB,AC04,2026-03-02
40677,VA397,KTM,HYD,AC05,2025-09-05
40678,VA318,AMD,PNQ,AC01,2026-01-13
40679,VA503,CDG,LHR,AC04,2025-06-06
40680,VA945,CDG,CMB,AC01,2025-08-26
40681,VA158,FRA,BKK,AC06,2025-01-04
40682,VA436,FRA,KUL,AC05,2025-07-01
40683,VA458,HYD,DEL,AC03,2025-07-25
40684,VA203,AUH,DEL,AC07,2025-09-09
40685,VA641,COK,BLR,AC09,2025-03-20
40686,VA599,SIN,HYD,AC01,2025-03-21
40687,VA331,JFK,PNQ,AC08,2025-07-22
40688,VA473,AUH,AMD,AC07,2025-04-04
40689,VA211,KTM,PNQ,AC08,2025-12-03
40690,VA243,KUL,CCU,AC06,2026-01-18
40691,VA467,SIN,DEL,AC04,2025-02-26
40692,VA141,COK,AMD,AC03,2025-07-22
40693,VA439,SIN,HKG,AC01,2025-03-24
40694,VA590,JFK,COK,AC05,2025-03-02
40695,VA663,SIN,BKK,AC08,2026-02-14
40696,VA230,JFK,SFO,AC06,2026-01-20
40697,VA843,DOH,CMB,AC07,2025-03-09
40698,VA229,HYD,DEL,AC03,2025-06-26
40699,VA885,CMB,DEL,AC04,2025-01-27
40700,VA539,JFK,DXB,AC10,2026-01-13
40701,VA591,DEL,SIN,AC05,2025-05-25
40702,VA879,BKK,BLR,AC07,2025-05-07
40703,VA846,FRA,MAA,AC09,2025-04-06
40704,VA885,GOI,PNQ,AC02,2026-03-19
40705,VA353,PNQ,SFO,AC07,2025-04-12
40706,VA901,BKK,SFO,AC02,2025-12-25
40707,VA725,HKG,CMB,AC03,2025-04-07
40708,VA749,LHR,CDG,AC03,2025-04-28
40709,VA510,HYD,MAA,AC01,2025-05-21
40710,VA536,COK,MAA,AC01,2025-11-12
40711,VA985,COK,BLR,AC01,2025-07-14
40712,VA413,SIN,CMB,AC04,2025-04-24
40713,VA590,DXB,SIN,AC01,2025-09-19
40714,VA152,SIN,CDG,AC05,2025-02-26
40715,VA387,PNQ,AUH,AC06,2025-12-31
40716,VA427,SIN,GOI,AC01,2025-04-04
40717,VA153,BOM,DEL,AC06,2025-04-19
40718,VA386,AMD,BKK,AC10,2025-02-21
40719,VA358,SIN,CCU,AC08,2025-07-06
40720,VA214,DXB,AMD,AC02,2025-12-09
40721,VA665,DEL,JFK,AC03,2025-06-19
40722,VA929,AUH,HKG,AC06,2026-01-16
40723,VA719,LHR,CMB,AC06,2025-05-02
40724,VA315,CDG,PNQ,AC10,2025-07-16
40725,VA233,BLR,HYD,AC10,2025-03-03
40726,VA770,BOM,LHR,AC04,2025-04-09
40727,VA201,SFO,KUL,AC02,2025-10-07
40728,VA408,FRA,DXB,AC08,2026-01-25
40729,VA838,COK,KTM,AC03,2025-01-23
40730,VA528,MAA,COK,AC09,2025-12-31
40731,VA455,PNQ,KTM,AC06,2025-08-18
40732,VA220,CDG,SFO,AC07,2025-02-04
40733,VA636,BKK,SIN,AC09,2026-02-09
40734,VA713,DEL,CCU,AC05,2025-12-23
40735,VA146,MAA,AMD,AC10,2025-02-01
40736,VA858,SFO,COK,AC07,2025-09-11
40737,VA991,JFK,KTM,AC09,2025-02-08
40738,VA868,CCU,KUL,AC09,2025-07-16
40739,VA510,KTM,DOH,AC10,2025-05-20
40740,VA103,COK,CCU,AC03,2025-10-20
40741,VA813,COK,LHR,AC01,2026-03-27
40742,VA615,CMB,KUL,AC09,2025-05-13
40743,VA403,AMD,GOI,AC05,2025-10-10
40744,VA329,HYD,CCU,AC01,2025-10-01
40745,VA140,GOI,AMD,AC03,2026-03-29
40746,VA376,PNQ,MAA,AC01,2025-11-25
40747,VA647,GOI,COK,AC02,2025-01-01
40748,VA747,CDG,AUH,AC10,2025-07-08
40749,VA822,DXB,BLR,AC09,2025-05-16
40750,VA518,HKG,MAA,AC10,2025-05-31
40751,VA740,DXB,BOM,AC01,2026-02-26
40752,VA848,AUH,GOI,AC05,2025-04-01
40753,VA650,PNQ,DEL,AC10,2025-02-24
40754,VA491,HKG,SFO,AC05,2026-03-22
40755,VA664,CDG,FRA,AC04,2026-02-23
40756,VA432,KUL,GOI,AC05,2025-04-15
40757,VA927,LHR,CDG,AC07,2025-03-21
40758,VA847,KUL,GOI,AC07,2025-07-08
40759,VA195,MAA,BKK,AC08,2025-04-03
40760,VA935,KUL,CCU,AC03,2025-04-07
40761,VA846,LHR,BKK,AC03,2025-11-28
40762,VA417,AMD,DEL,AC03,2026-03-30
40763,VA803,CCU,DOH,AC10,2025-04-07
40764,VA173,BLR,MAA,AC07,2025-05-06
40765,VA512,KUL,CDG,AC02,2026-01-06
40766,VA844,CMB,MAA,AC01,2025-11-05
40767,VA493,HYD,DOH,AC01,2025-02-26
40768,VA144,DEL,CDG,AC03,2025-05-08
40769,VA246,BLR,PNQ,AC10,2025-01-07
40770,VA655,DEL,HYD,AC06,2026-03-13
40771,VA307,SFO,BLR,AC03,2025-09-03
40772,VA935,LHR,KUL,AC03,2025-06-07
40773,VA258,DXB,BKK,AC04,2025-01-29
40774,VA373,KTM,SFO,AC09,2025-03-05
40775,VA205,DEL,BOM,AC09,2025-06-01
40776,VA956,HYD,CMB,AC07,2025-03-14
40777,VA124,DEL,GOI,AC04,2025-08-07
40778,VA461,DOH,MAA,AC05,2025-04-26
40779,VA803,JFK,DOH,AC02,2025-09-09
40780,VA329,CCU,HYD,AC02,2025-05-25
40781,VA730,AUH,BLR,AC06,2025-03-02
40782,VA144,AUH,BLR,AC10,2025-03-19
40783,VA643,CCU,SIN,AC06,2025-11-04
40784,VA535,CCU,JFK,AC03,2025-12-08
40785,VA739,JFK,AMD,AC05,2025-06-28
40786,VA611,HYD,PNQ,AC06,2025-05-16
40787,VA907,SFO,BLR,AC01,2026-03-18
40788,VA250,MAA,CDG,AC06,2025-03-17
40789,VA838,DOH,KUL,AC08,2026-02-22
40790,VA691,BLR,HYD,AC07,2026-01-08
40791,VA192,PNQ,MAA,AC06,2025-03-07
40792,VA461,CCU,DOH,AC06,2025-09-11
40793,VA810,SIN,BKK,AC07,2025-11-05
40794,VA241,CDG,DXB,AC04,2025-07-16
40795,VA609,SIN,KTM,AC09,2025-10-01
40796,VA649,BKK,KTM,AC04,2025-07-16
40797,VA832,BLR,LHR,AC07,2025-09-27
40798,VA930,LHR,SFO,AC04,2025-12-26
40799,VA470,BLR,GOI,AC01,2025-04-15
40800,VA671,DEL,AUH,AC08,2025-03-10
40801,VA457,HYD,BOM,AC06,2026-03-11
40802,VA571,MAA,AMD,AC03,2026-03-04
40803,VA348,KTM,SIN,AC04,2026-02-28
40804,VA864,GOI,BOM,AC03,2025-03-02
40805,VA486,SFO,MAA,AC01,2025-12-23
40806,VA155,SIN,AUH,AC02,2025-12-06
40807,VA588,LHR,BLR,AC10,2026-03-22
40808,VA250,CCU,DEL,AC06,2025-03-14
40809,VA178,BLR,GOI,AC01,2025-10-19
40810,VA883,SIN,MAA,AC03,2025-08-29
40811,VA866,HKG,MAA,AC09,2025-12-24
40812,VA521,AMD,BKK,AC06,2025-08-16
40813,VA113,CDG,SFO,AC05,2025-02-26
40814,VA757,MAA,BOM,AC01,2025-11-06
40815,VA264,CCU,CMB,AC01,2025-07-22
40816,VA996,SIN,JFK,AC08,2025-10-11
40817,VA685,SFO,PNQ,AC09,2025-06-06
40818,VA533,SFO,GOI,AC03,2025-05-20
40819,VA486,BLR,CMB,AC03,2026-01-16
40820,VA733,COK,DOH,AC01,2025-04-23
40821,VA942,DOH,CCU,AC09,2025-11-06
40822,VA579,BLR,SFO,AC08,2025-06-10
40823,VA947,CDG,DOH,AC07,2025-03-26
40824,VA762,BOM,AUH,AC07,2025-04-10
40825,VA206,PNQ,HYD,AC02,2025-07-05
40826,VA128,FRA,DXB,AC04,2025-05-25
40827,VA209,CCU,KTM,AC02,2025-04-19
40828,VA874,FRA,DEL,AC05,2025-04-07
40829,VA753,KTM,COK,AC01,2025-05-04
40830,VA683,PNQ,BLR,AC10,2025-01-23
40831,VA146,LHR,BKK,AC01,2025-06-11
40832,VA108,BLR,AMD,AC06,2026-01-20
40833,VA612,AMD,DOH,AC04,2025-06-11
40834,VA464,DOH,HKG,AC03,2025-12-26
40835,VA439,JFK,HYD,AC07,2026-01-15
40836,VA614,CMB,HYD,AC03,2025-01-13
40837,VA588,LHR,DOH,AC10,2026-03-21
40838,VA265,BOM,AMD,AC03,2025-12-16
40839,VA740,KUL,BLR,AC02,2026-01-03
40840,VA926,GOI,COK,AC03,2026-01-29
40841,VA613,SFO,CCU,AC09,2026-01-09
40842,VA635,FRA,CDG,AC06,2025-08-18
40843,VA397,MAA,DXB,AC06,2025-11-16
40844,VA829,SIN,BOM,AC07,2025-05-03
40845,VA721,COK,FRA,AC02,2025-03-20
40846,VA609,LHR,CDG,AC02,2026-02-17
40847,VA884,DEL,MAA,AC05,2025-10-08
40848,VA196,BLR,BKK,AC08,2025-06-10
40849,VA265,CCU,AMD,AC02,2025-05-24
40850,VA461,LHR,AUH,AC02,2025-02-06
40851,VA890,CCU,SFO,AC08,2025-05-13
40852,VA881,BKK,PNQ,AC08,2025-11-29
40853,VA682,MAA,HYD,AC08,2025-01-21
40854,VA510,AUH,AMD,AC07,2026-03-15
40855,VA232,FRA,JFK,AC08,2025-07-07
40856,VA421,CMB,FRA,AC06,2025-02-12
40857,VA618,JFK,SIN,AC08,2025-05-15
40858,VA735,JFK,BOM,AC01,2026-01-15
40859,VA940,GOI,SFO,AC09,2025-01-05
40860,VA397,MAA,HYD,AC07,2025-03-23
40861,VA974,LHR,DOH,AC02,2025-04-25
40862,VA785,DOH,KUL,AC02,2025-06-28
40863,VA647,KUL,CDG,AC08,2025-02-25
40864,VA849,BLR,CCU,AC02,2025-07-23
40865,VA511,SIN,COK,AC06,2025-02-03
40866,VA597,DXB,FRA,AC04,2025-12-26
40867,VA217,HKG,BKK,AC05,2025-08-21
40868,VA259,BOM,KTM,AC08,2025-03-16
40869,VA427,CDG,COK,AC10,2025-01-17
40870,VA163,FRA,DOH,AC06,2026-02-09
40871,VA318,SIN,BKK,AC01,2025-04-19
40872,VA533,DEL,JFK,AC05,2025-05-10
40873,VA185,CDG,CCU,AC03,2025-02-05
40874,VA183,PNQ,DOH,AC05,2026-03-24
40875,VA992,SFO,KUL,AC07,2025-09-26
40876,VA365,COK,JFK,AC03,2026-03-02
40877,VA538,BOM,BLR,AC06,2026-01-21
40878,VA303,AMD,CCU,AC06,2025-08-03
40879,VA805,BKK,KTM,AC03,2025-12-23
40880,VA809,SIN,AUH,AC10,2025-07-19
40881,VA901,DEL,KTM,AC10,2025-04-12
40882,VA783,BLR,HKG,AC10,2025-11-12
40883,VA780,MAA,DXB,AC06,2025-01-08
40884,VA251,MAA,KUL,AC08,2026-03-19
40885,VA911,DXB,HYD,AC07,2025-05-15
40886,VA103,CMB,HKG,AC08,2026-03-03
40887,VA560,MAA,CDG,AC10,2025-02-19
40888,VA863,BOM,COK,AC04,2025-08-04
40889,VA892,SFO,KTM,AC03,2025-11-04
40890,VA456,DOH,COK,AC04,2025-04-08
40891,VA114,JFK,LHR,AC06,2026-02-21
40892,VA409,AUH,DEL,AC05,2025-09-15
40893,VA611,HYD,SFO,AC08,2025-07-31
40894,VA460,SIN,AUH,AC09,2025-08-07
40895,VA216,CMB,DXB,AC03,2025-08-23
40896,VA281,SIN,AUH,AC09,2025-11-01
40897,VA546,CCU,KTM,AC07,2025-05-26
40898,VA796,JFK,SFO,AC07,2025-11-21
40899,VA735,AMD,SFO,AC02,2025-02-14
40900,VA765,HYD,BLR,AC01,2025-11-12
40901,VA608,SIN,HYD,AC10,2025-10-06
40902,VA554,HYD,CDG,AC09,2025-10-25
40903,VA396,BOM,JFK,AC07,2025-04-19
40904,VA664,GOI,KUL,AC07,2025-02-28
40905,VA227,COK,BKK,AC06,2026-02-11
40906,VA940,KUL,SIN,AC07,2025-01-04
40907,VA619,AUH,GOI,AC05,2025-05-18
40908,VA414,JFK,PNQ,AC07,2025-12-11
40909,VA524,GOI,DEL,AC01,2025-01-08
40910,VA909,DEL,MAA,AC06,2026-03-07
40911,VA714,CMB,HKG,AC06,2025-06-21
40912,VA540,CCU,LHR,AC04,2025-10-12
40913,VA731,DOH,COK,AC07,2026-03-01
40914,VA539,BOM,LHR,AC03,2025-11-22
40915,VA277,DOH,HKG,AC07,2025-06-12
40916,VA547,CMB,CCU,AC04,2025-02-20
40917,VA616,SFO,MAA,AC02,2025-11-20
40918,VA963,LHR,DOH,AC05,2026-03-05
40919,VA430,KTM,CCU,AC04,2025-02-17
40920,VA547,BLR,DEL,AC01,2025-11-18
40921,VA128,LHR,MAA,AC10,2025-12-29
40922,VA685,KTM,BLR,AC07,2025-01-13
40923,VA564,HKG,MAA,AC06,2025-04-06
40924,VA327,GOI,CDG,AC05,2025-04-10
40925,VA843,KTM,GOI,AC07,2026-01-30
40926,VA152,PNQ,JFK,AC05,2025-02-12
40927,VA123,MAA,CDG,AC10,2026-03-20
40928,VA710,HYD,KUL,AC02,2025-02-24
40929,VA368,MAA,AMD,AC03,2025-02-17
40930,VA964,BLR,BKK,AC06,2026-03-06
40931,VA203,COK,DOH,AC08,2026-02-12
40932,VA175,DEL,SIN,AC08,2025-11-17
40933,VA803,BLR,COK,AC07,2025-07-12
40934,VA561,DXB,CDG,AC03,2025-04-03
40935,VA282,AMD,DEL,AC10,2025-11-20
40936,VA220,FRA,BOM,AC06,2025-06-27
40937,VA714,BKK,FRA,AC09,2025-01-03
40938,VA859,CCU,CMB,AC05,2025-03-04
40939,VA130,COK,FRA,AC09,2025-01-12
40940,VA321,CMB,MAA,AC06,2025-02-28
40941,VA435,COK,DEL,AC03,2025-04-23
40942,VA808,BLR,HKG,AC03,2025-05-18
40943,VA304,PNQ,BKK,AC02,2025-06-28
40944,VA767,SFO,KTM,AC05,2025-08-28
40945,VA546,HKG,BKK,AC09,2025-07-24
40946,VA277,COK,PNQ,AC04,2025-12-18
40947,VA502,SFO,PNQ,AC02,2025-10-26
40948,VA269,LHR,AMD,AC04,2026-01-05
40949,VA556,BKK,SIN,AC07,2025-11-02
40950,VA935,HKG,PNQ,AC06,2025-11-15
40951,VA492,HYD,FRA,AC07,2025-04-13
40952,VA482,LHR,AUH,AC02,2025-08-19
40953,VA623,CCU,BOM,AC05,2025-10-28
40954,VA718,SIN,AMD,AC09,2025-06-30
40955,VA217,DOH,DEL,AC03,2026-02-19
40956,VA909,DXB,SIN,AC03,2025-07-03
40957,VA320,GOI,BLR,AC06,2025-07-10
40958,VA225,MAA,DXB,AC01,2025-06-13
40959,VA834,SFO,DEL,AC06,2025-04-20
40960,VA914,KUL,LHR,AC06,2025-04-30
40961,VA494,KTM,BLR,AC05,2025-11-05
40962,VA322,COK,CMB,AC02,2025-10-15
40963,VA722,PNQ,SFO,AC02,2025-10-21
40964,VA798,CDG,SIN,AC07,2025-06-12
40965,VA301,DXB,COK,AC01,2026-02-15
40966,VA381,BKK,BOM,AC07,2025-03-03
40967,VA275,HYD,KUL,AC10,2025-06-17
40968,VA342,LHR,DOH,AC10,2025-01-11
40969,VA759,AMD,DEL,AC10,2025-01-03
40970,VA234,KUL,AMD,AC07,2025-01-19
40971,VA140,KTM,CMB,AC06,2025-11-27
40972,VA581,DEL,BLR,AC02,2026-03-01
40973,VA408,SIN,HKG,AC05,2025-06-12
40974,VA181,AUH,DOH,AC09,2026-02-01
40975,VA727,DXB,BKK,AC01,2025-07-21
40976,VA565,AMD,SFO,AC08,2026-03-11
40977,VA963,CDG,HYD,AC06,2025-11-13
40978,VA329,HYD,DEL,AC01,2026-02-27
40979,VA207,DEL,MAA,AC06,2026-03-18
40980,VA546,SFO,HKG,AC04,2025-03-29
40981,VA841,BLR,COK,AC06,2026-02-22
40982,VA804,KTM,DEL,AC01,2025-05-13
40983,VA149,BOM,HYD,AC05,2025-02-08
40984,VA804,PNQ,DXB,AC10,2026-02-10
40985,VA815,DOH,PNQ,AC03,2025-03-12
40986,VA222,LHR,KUL,AC03,2025-06-13
40987,VA970,MAA,LHR,AC07,2025-11-23
40988,VA225,KUL,JFK,AC09,2025-09-28
40989,VA589,GOI,LHR,AC08,2025-05-24
40990,VA594,DXB,HKG,AC04,2025-02-17
40991,VA828,PNQ,AMD,AC02,2025-06-30
40992,VA775,KTM,GOI,AC04,2025-12-22
40993,VA161,BLR,BKK,AC04,2025-01-07
40994,VA579,JFK,COK,AC07,2025-04-07
40995,VA448,BKK,HYD,AC04,2026-02-21
40996,VA626,LHR,CMB,AC06,2026-01-25
40997,VA564,AMD,SFO,AC03,2026-03-11
40998,VA233,CMB,HYD,AC04,2025-07-06
40999,VA988,DOH,KUL,AC10,2025-09-20
41000,VA292,COK,DOH,AC02,2025-05-23
41001,VA802,SIN,CCU,AC05,2026-03-22
41002,VA204,LHR,CDG,AC03,2025-08-25
41003,VA212,HYD,HKG,AC04,2025-01-09
41004,VA373,KUL,CCU,AC01,2025-09-01
41005,VA563,JFK,CMB,AC06,2025-05-16
41006,VA186,HYD,KTM,AC06,2025-08-09
41007,VA506,COK,MAA,AC09,2025-08-09
41008,VA154,CMB,DXB,AC08,2025-05-20
41009,VA150,AUH,HYD,AC07,2026-01-10
41010,VA401,SIN,COK,AC04,2025-07-26
41011,VA382,CCU,FRA,AC09,2025-11-08
41012,VA543,BKK,CMB,AC02,2025-12-15
41013,VA354,BOM,CDG,AC02,2025-04-23
41014,VA136,HYD,BOM,AC10,2025-05-17
41015,VA644,GOI,BLR,AC02,2025-05-22
41016,VA816,GOI,FRA,AC07,2025-07-20
41017,VA325,DOH,HYD,AC05,2025-09-11
41018,VA904,COK,CCU,AC04,2025-06-27
41019,VA822,CDG,AMD,AC10,2025-05-28
41020,VA196,HKG,DEL,AC03,2025-09-15
41021,VA588,SFO,FRA,AC05,2026-03-13
41022,VA274,SFO,GOI,AC06,2025-12-15
41023,VA291,BLR,CCU,AC06,2025-08-22
41024,VA782,MAA,DEL,AC08,2025-08-08
41025,VA281,DXB,DEL,AC05,2026-03-28
41026,VA795,BLR,CCU,AC01,2025-11-01
41027,VA697,AUH,BKK,AC01,2025-09-08
41028,VA212,GOI,BKK,AC01,2026-02-24
41029,VA796,DEL,LHR,AC05,2026-03-04
41030,VA615,GOI,CMB,AC03,2026-01-22
41031,VA202,MAA,HYD,AC05,2026-02-16
41032,VA563,HKG,DXB,AC08,2026-01-12
41033,VA363,AUH,KTM,AC08,2025-05-10
41034,VA113,AUH,KUL,AC06,2025-06-04
41035,VA630,SFO,DXB,AC10,2025-09-05
41036,VA802,HYD,PNQ,AC09,2026-01-08
41037,VA251,CDG,DEL,AC07,2026-03-15
41038,VA245,GOI,JFK,AC06,2025-09-12
41039,VA691,DEL,GOI,AC07,2025-07-04
41040,VA191,COK,HKG,AC04,2025-07-13
41041,VA380,CDG,HYD,AC09,2025-08-19
41042,VA371,CMB,CCU,AC06,2026-03-31
41043,VA703,DXB,DOH,AC07,2025-05-22
41044,VA142,AMD,COK,AC10,2025-09-24
41045,VA954,SFO,DXB,AC10,2025-03-04
41046,VA680,SIN,KUL,AC06,2025-05-28
41047,VA610,HYD,DEL,AC03,2025-08-27
41048,VA635,JFK,MAA,AC05,2025-11-16
41049,VA266,KTM,JFK,AC05,2025-09-07
41050,VA918,AMD,BLR,AC05,2025-01-08
41051,VA322,KUL,BOM,AC05,2026-02-27
41052,VA154,LHR,HYD,AC08,2025-06-06
41053,VA460,DEL,SIN,AC01,2025-01-26
41054,VA458,PNQ,MAA,AC05,2026-02-07
41055,VA887,CMB,JFK,AC09,2025-03-21
41056,VA377,BLR,SFO,AC03,2026-01-11
41057,VA699,COK,SIN,AC02,2025-05-29
41058,VA584,GOI,BOM,AC06,2025-05-08
41059,VA495,JFK,CDG,AC07,2025-07-24
41060,VA409,HYD,PNQ,AC10,2025-06-09
41061,VA546,CCU,LHR,AC06,2026-02-16
41062,VA799,LHR,MAA,AC04,2025-05-09
41063,VA667,MAA,SIN,AC04,2025-06-04
41064,VA404,AMD,BLR,AC10,2025-11-18
41065,VA287,KUL,KTM,AC07,2026-02-05
41066,VA241,SIN,HYD,AC09,2025-08-15
41067,VA615,SFO,DXB,AC06,2025-08-28
41068,VA577,AUH,SIN,AC07,2025-07-30
41069,VA672,KUL,DEL,AC01,2026-01-28
41070,VA873,SIN,BLR,AC03,2025-11-11
41071,VA694,AMD,GOI,AC09,2025-07-11
41072,VA656,MAA,FRA,AC10,2026-03-26
41073,VA873,AMD,BOM,AC07,2025-03-06
41074,VA106,DOH,JFK,AC08,2026-02-18
41075,VA959,CMB,KUL,AC01,2025-02-13
41076,VA949,BOM,PNQ,AC02,2025-06-20
41077,VA941,FRA,HYD,AC05,2025-10-17
41078,VA439,BKK,SFO,AC01,2025-03-04
41079,VA790,HKG,LHR,AC09,2026-01-14
41080,VA818,SFO,BOM,AC04,2025-09-22
41081,VA858,MAA,KTM,AC08,2025-03-11
41082,VA755,GOI,JFK,AC03,2025-06-04
41083,VA836,CDG,AMD,AC01,2026-02-17
41084,VA804,BKK,FRA,AC04,2025-02-28
41085,VA256,BLR,DEL,AC10,2026-03-27
41086,VA199,HYD,CMB,AC04,2025-04-15
41087,VA125,HYD,BKK,AC09,2025-08-16
41088,VA224,DOH,BOM,AC05,2025-07-27
41089,VA939,BKK,CCU,AC04,2026-03-07
41090,VA941,KTM,PNQ,AC10,2025-12-15
41091,VA731,KUL,JFK,AC02,2025-08-10
41092,VA122,MAA,CDG,AC03,2025-03-14
41093,VA346,HKG,JFK,AC03,2025-09-19
41094,VA659,HKG,SFO,AC04,2025-09-01
41095,VA396,BKK,AMD,AC02,2025-10-29
41096,VA783,BKK,AUH,AC05,2025-07-20
41097,VA919,DOH,SFO,AC02,2025-08-26
41098,VA128,SIN,MAA,AC05,2025-08-23
41099,VA498,HYD,LHR,AC01,2025-10-25
41100,VA760,AMD,BOM,AC10,2025-08-16
41101,VA242,BOM,AUH,AC08,2026-03-28
41102,VA383,HKG,KUL,AC01,2025-03-23
41103,VA976,AUH,CMB,AC09,2025-04-18
41104,VA637,AUH,SFO,AC07,2025-09-20
41105,VA771,BLR,CCU,AC03,2025-06-30
41106,VA676,CDG,HKG,AC06,2025-08-24
41107,VA385,SFO,MAA,AC05,2025-07-21
41108,VA595,BLR,CDG,AC07,2025-08-30
41109,VA284,FRA,JFK,AC10,2025-12-29
41110,VA638,CMB,JFK,AC05,2025-03-08
41111,VA702,SFO,DXB,AC10,2025-06-28
41112,VA949,LHR,FRA,AC07,2025-02-04
41113,VA972,BOM,DEL,AC03,2025-04-29
41114,VA208,HYD,JFK,AC08,2025-12-14
41115,VA878,BKK,DXB,AC04,2026-01-31
41116,VA207,HKG,GOI,AC03,2026-01-08
41117,VA165,DOH,SIN,AC01,2025-11-10
41118,VA138,PNQ,HYD,AC02,2025-08-15
41119,VA746,AUH,FRA,AC01,2025-03-31
41120,VA815,DXB,HYD,AC08,2025-07-13
41121,VA687,MAA,CDG,AC09,2025-04-13
41122,VA602,COK,PNQ,AC08,2025-12-14
41123,VA306,AMD,GOI,AC03,2025-08-11
41124,VA188,CMB,COK,AC10,2025-01-13
41125,VA198,CDG,JFK,AC04,2025-01-18
41126,VA468,MAA,DEL,AC07,2025-10-18
41127,VA448,KTM,BLR,AC03,2025-12-16
41128,VA640,HKG,CDG,AC08,2025-04-08
41129,VA947,COK,LHR,AC08,2025-09-14
41130,VA672,AUH,FRA,AC03,2026-02-15
41131,VA537,BLR,KUL,AC07,2026-03-24
41132,VA180,BLR,LHR,AC03,2026-02-05
41133,VA203,CMB,AMD,AC02,2025-09-13
41134,VA715,GOI,BOM,AC09,2025-06-19
41135,VA941,DEL,GOI,AC05,2026-03-01
41136,VA820,PNQ,DOH,AC06,2025-02-04
41137,VA176,CCU,AMD,AC09,2025-10-22
41138,VA725,GOI,CMB,AC09,2025-06-09
41139,VA158,DOH,FRA,AC09,2025-12-24
41140,VA582,HYD,LHR,AC05,2025-12-01
41141,VA446,DEL,BOM,AC07,2025-05-14
41142,VA883,COK,DXB,AC01,2025-03-13
41143,VA936,COK,KTM,AC06,2026-01-23
41144,VA341,JFK,BOM,AC08,2025-02-07
41145,VA819,LHR,FRA,AC01,2025-06-27
41146,VA712,BLR,SIN,AC10,2025-02-11
41147,VA232,KTM,BKK,AC05,2026-01-06
41148,VA136,BOM,HYD,AC08,2025-09-17
41149,VA458,GOI,CDG,AC07,2025-09-02
41150,VA121,AMD,GOI,AC01,2025-01-14
41151,VA722,COK,KTM,AC07,2025-12-16
41152,VA118,JFK,HKG,AC09,2025-09-04
41153,VA884,BOM,DOH,AC07,2025-12-23
41154,VA818,MAA,SIN,AC07,2025-10-09
41155,VA548,MAA,HYD,AC02,2025-11-12
41156,VA451,AUH,COK,AC07,2025-01-30
41157,VA702,GOI,BLR,AC01,2025-04-27
41158,VA870,SIN,HKG,AC09,2025-10-18
41159,VA994,BOM,DEL,AC04,2026-02-21
41160,VA158,BOM,BLR,AC03,2025-08-13
41161,VA144,CCU,AMD,AC06,2025-06-29
41162,VA350,FRA,CDG,AC05,2025-03-08
41163,VA590,FRA,DOH,AC02,2025-12-03
41164,VA656,BLR,PNQ,AC04,2025-09-11
41165,VA932,SFO,HKG,AC06,2026-03-16
41166,VA830,GOI,KUL,AC05,2025-07-07
41167,VA989,KTM,AMD,AC04,2025-09-27
41168,VA814,PNQ,DXB,AC09,2025-09-15
41169,VA454,HYD,BOM,AC07,2025-12-28
41170,VA386,FRA,BKK,AC02,2025-04-15
41171,VA336,MAA,CMB,AC05,2026-01-15
41172,VA225,KTM,COK,AC06,2026-01-07
41173,VA340,MAA,BOM,AC08,2025-11-29
41174,VA121,KUL,HYD,AC08,2026-03-05
41175,VA384,BOM,PNQ,AC10,2025-07-16
41176,VA161,AMD,BLR,AC05,2026-03-14
41177,VA607,FRA,DOH,AC01,2026-03-18
41178,VA145,DOH,KUL,AC04,2025-04-16
41179,VA775,DOH,CCU,AC07,2025-09-30
41180,VA412,BOM,JFK,AC01,2025-10-05
41181,VA723,AUH,DEL,AC06,2026-03-01
41182,VA321,PNQ,LHR,AC01,2025-06-24
41183,VA544,HKG,FRA,AC07,2026-02-05
41184,VA926,HKG,BOM,AC02,2025-10-11
41185,VA794,DOH,HKG,AC05,2026-03-16
41186,VA534,KTM,KUL,AC10,2026-01-04
41187,VA366,LHR,CMB,AC03,2025-07-15
41188,VA343,KUL,HKG,AC03,2025-01-08
41189,VA380,PNQ,JFK,AC02,2025-05-08
41190,VA445,KTM,AMD,AC10,2025-07-22
41191,VA380,BOM,FRA,AC06,2025-05-18
41192,VA901,JFK,PNQ,AC10,2025-01-07
41193,VA682,HYD,AMD,AC06,2026-03-05
41194,VA554,PNQ,CCU,AC08,2025-01-09
41195,VA577,KUL,DEL,AC01,2025-07-03
41196,VA964,BKK,CDG,AC09,2025-04-22
41197,VA693,SIN,BOM,AC02,2025-05-22
41198,VA421,FRA,KTM,AC02,2025-08-14
41199,VA884,CCU,PNQ,AC05,2025-05-13
41200,VA332,BKK,MAA,AC03,2025-03-17
41201,VA150,FRA,CDG,AC04,2025-02-28
41202,VA288,CDG,BOM,AC09,2026-03-17
41203,VA424,KUL,LHR,AC01,2025-10-11
41204,VA162,SFO,GOI,AC05,2025-05-12
41205,VA965,DEL,JFK,AC06,2025-10-04
41206,VA714,SFO,BOM,AC04,2025-06-29
41207,VA619,HYD,BLR,AC08,2025-02-27
41208,VA342,CMB,BLR,AC04,2025-06-16
41209,VA949,LHR,AUH,AC07,2025-02-06
41210,VA996,CDG,SIN,AC05,2025-03-15
41211,VA721,DEL,DXB,AC06,2025-06-21
41212,VA483,SIN,CDG,AC08,2025-05-31
41213,VA264,FRA,DEL,AC06,2025-01-23
41214,VA705,AMD,MAA,AC01,2025-02-24
41215,VA927,FRA,COK,AC06,2025-09-19
41216,VA620,SFO,HKG,AC10,2025-12-31
41217,VA487,AUH,COK,AC10,2025-01-17
41218,VA253,JFK,HKG,AC07,2026-01-26
41219,VA179,CDG,BLR,AC04,2025-10-17
41220,VA745,CMB,LHR,AC09,2026-01-11
41221,VA850,SIN,KTM,AC02,2026-03-10
41222,VA721,CMB,BOM,AC08,2025-12-04
41223,VA424,CMB,KUL,AC05,2025-04-10
41224,VA349,LHR,AMD,AC06,2025-05-05
41225,VA566,AUH,GOI,AC06,2026-01-19
41226,VA346,HYD,SFO,AC08,2026-01-11
41227,VA181,SIN,AUH,AC06,2025-10-14
41228,VA470,CMB,BLR,AC08,2025-11-06
41229,VA905,GOI,KUL,AC07,2025-04-28
41230,VA650,LHR,MAA,AC04,2026-02-02
41231,VA698,SIN,JFK,AC03,2025-11-07
41232,VA449,PNQ,AMD,AC06,2025-03-02
41233,VA531,BLR,SIN,AC09,2025-03-17
41234,VA747,LHR,BKK,AC04,2025-04-03
41235,VA270,KUL,DEL,AC02,2025-08-03
41236,VA828,PNQ,KTM,AC08,2026-01-16
41237,VA990,HYD,MAA,AC01,2026-03-03
41238,VA806,SIN,DEL,AC03,2025-02-07
41239,VA987,MAA,CMB,AC09,2025-07-18
41240,VA230,SIN,AUH,AC07,2025-12-23
41241,VA829,KTM,GOI,AC05,2025-03-02
41242,VA723,DXB,LHR,AC10,2025-02-25
41243,VA175,HKG,BOM,AC06,2025-08-18
41244,VA560,SIN,CDG,AC07,2025-05-29
41245,VA237,BKK,SFO,AC03,2026-01-06
41246,VA185,LHR,CMB,AC03,2025-01-04
41247,VA790,LHR,AUH,AC08,2025-07-14
41248,VA280,DXB,KUL,AC09,2026-01-05
41249,VA891,LHR,PNQ,AC02,2025-04-29
41250,VA449,AMD,BKK,AC01,2025-10-16
41251,VA620,CMB,LHR,AC07,2025-05-27
41252,VA426,DXB,DOH,AC03,2025-03-15
41253,VA848,BOM,HKG,AC04,2025-08-09
41254,VA688,CMB,PNQ,AC10,2025-06-10
41255,VA391,HYD,AUH,AC03,2025-03-02
41256,VA598,AMD,PNQ,AC08,2025-04-25
41257,VA365,CCU,AMD,AC10,2026-01-21
41258,VA782,HYD,GOI,AC05,2025-03-14
41259,VA665,HYD,COK,AC09,2026-01-22
41260,VA712,CCU,DEL,AC01,2025-10-04
41261,VA106,KTM,COK,AC08,2026-03-03
41262,VA308,DEL,AUH,AC05,2025-10-20
41263,VA555,SIN,HKG,AC09,2025-03-06
41264,VA212,KUL,AMD,AC02,2025-08-16
41265,VA369,SIN,BKK,AC02,2026-03-19
41266,VA849,MAA,PNQ,AC02,2025-07-01
41267,VA912,BLR,HKG,AC04,2026-01-08
41268,VA260,BLR,DXB,AC09,2025-06-21
41269,VA745,PNQ,KUL,AC09,2025-12-11
41270,VA804,BLR,SFO,AC06,2025-01-20
41271,VA822,SIN,HYD,AC09,2025-06-12
41272,VA776,COK,KTM,AC01,2025-11-21
41273,VA351,CDG,DEL,AC03,2025-10-28
41274,VA789,DOH,GOI,AC04,2025-05-16
41275,VA596,BKK,MAA,AC03,2026-01-11
41276,VA234,BKK,AMD,AC04,2025-11-22
41277,VA977,BLR,CMB,AC04,2025-01-02
41278,VA602,SIN,BLR,AC09,2025-11-09
41279,VA282,COK,SFO,AC01,2025-08-03
41280,VA728,SFO,PNQ,AC07,2025-11-20
41281,VA753,LHR,GOI,AC06,2025-09-05
41282,VA284,CMB,JFK,AC05,2026-03-07
41283,VA784,GOI,AMD,AC08,2025-09-08
41284,VA712,CDG,DOH,AC06,2025-10-06
41285,VA198,BKK,AMD,AC04,2025-02-27
41286,VA557,AMD,SIN,AC06,2025-05-07
41287,VA218,JFK,SIN,AC03,2025-08-26
41288,VA216,DXB,JFK,AC06,2025-12-23
41289,VA231,DOH,SFO,AC08,2026-03-07
41290,VA521,BKK,FRA,AC04,2025-01-15
41291,VA619,AMD,PNQ,AC04,2026-03-12
41292,VA675,SIN,BOM,AC06,2025-05-14
41293,VA521,JFK,DXB,AC07,2026-02-19
41294,VA508,KUL,SIN,AC05,2025-01-28
41295,VA845,PNQ,BKK,AC04,2025-06-23
41296,VA415,CDG,BOM,AC08,2025-07-29
41297,VA996,GOI,LHR,AC03,2025-10-02
41298,VA212,COK,CDG,AC10,2025-11-09
41299,VA719,DXB,MAA,AC09,2025-01-11
41300,VA921,HKG,DEL,AC07,2025-02-16
41301,VA461,SFO,DXB,AC09,2025-02-02
41302,VA631,CDG,BOM,AC04,2025-07-05
41303,VA260,KTM,COK,AC09,2025-07-22
41304,VA397,SFO,GOI,AC03,2025-07-11
41305,VA320,DXB,SIN,AC09,2026-01-11
41306,VA136,GOI,DEL,AC01,2026-01-22
41307,VA613,CMB,HYD,AC07,2026-02-10
41308,VA260,BKK,BOM,AC05,2025-06-04
41309,VA746,DEL,GOI,AC04,2025-01-18
41310,VA226,PNQ,HKG,AC07,2025-12-02
41311,VA937,DOH,MAA,AC05,2026-03-18
41312,VA839,BLR,CMB,AC07,2025-01-11
41313,VA950,DEL,HKG,AC09,2025-11-06
41314,VA853,MAA,HYD,AC10,2026-02-10
41315,VA951,DOH,COK,AC10,2026-03-16
41316,VA535,AMD,DXB,AC09,2026-01-16
41317,VA380,DEL,AMD,AC08,2025-04-14
41318,VA771,HYD,PNQ,AC10,2025-08-30
41319,VA539,DOH,AMD,AC02,2025-04-24
41320,VA385,SIN,KTM,AC08,2025-05-26
41321,VA618,SFO,KTM,AC04,2025-07-15
41322,VA845,DEL,BKK,AC07,2025-07-10
41323,VA210,KTM,SFO,AC08,2025-04-25
41324,VA506,LHR,DEL,AC04,2025-08-17
41325,VA676,AUH,BKK,AC02,2025-11-26
41326,VA247,AMD,DXB,AC02,2025-02-18
41327,VA312,KTM,CCU,AC08,2025-10-31
41328,VA244,GOI,BLR,AC07,2025-11-12
41329,VA840,BKK,CMB,AC10,2026-01-25
41330,VA885,GOI,BOM,AC08,2025-05-10
41331,VA858,SIN,AMD,AC06,2026-03-04
41332,VA429,MAA,BOM,AC10,2025-11-03
41333,VA374,SIN,DEL,AC04,2026-01-22
41334,VA658,KTM,BKK,AC08,2025-06-10
41335,VA429,CDG,GOI,AC08,2025-12-29
41336,VA668,BKK,CMB,AC02,2025-02-23
41337,VA179,SIN,SFO,AC07,2025-03-07
41338,VA632,DEL,CCU,AC02,2025-03-27
41339,VA990,COK,KUL,AC02,2025-01-20
41340,VA274,SIN,BKK,AC09,2025-09-07
41341,VA995,MAA,HKG,AC09,2025-08-03
41342,VA403,DOH,DEL,AC02,2025-08-11
41343,VA792,AMD,HKG,AC05,2025-09-25
41344,VA480,DXB,FRA,AC10,2025-11-29
41345,VA397,CCU,MAA,AC09,2025-12-17
41346,VA831,COK,FRA,AC06,2025-09-23
41347,VA583,FRA,PNQ,AC08,2025-04-18
41348,VA837,DXB,HKG,AC03,2025-03-26
41349,VA949,CMB,SFO,AC08,2025-01-06
41350,VA283,DXB,SIN,AC03,2025-08-29
41351,VA419,BLR,DEL,AC04,2025-04-13
41352,VA650,SFO,HYD,AC08,2025-06-19
41353,VA739,HYD,BOM,AC08,2025-11-01
41354,VA458,CCU,BLR,AC09,2026-03-29
41355,VA743,GOI,AUH,AC01,2025-04-09
41356,VA940,PNQ,AMD,AC07,2025-10-27
41357,VA476,HKG,AMD,AC10,2026-01-28
41358,VA674,DOH,PNQ,AC09,2025-11-25
41359,VA179,JFK,COK,AC10,2025-03-20
41360,VA321,HYD,HKG,AC05,2025-04-02
41361,VA204,PNQ,LHR,AC03,2026-02-13
41362,VA760,CMB,LHR,AC07,2025-06-19
41363,VA383,LHR,FRA,AC10,2025-12-09
41364,VA272,BKK,COK,AC01,2026-02-06
41365,VA193,GOI,COK,AC10,2025-03-17
41366,VA586,MAA,CCU,AC01,2025-06-15
41367,VA240,BLR,BOM,AC09,2026-02-18
41368,VA780,KUL,SIN,AC08,2025-06-17
41369,VA878,AMD,CMB,AC02,2025-05-04
41370,VA486,KTM,DOH,AC07,2025-12-28
41371,VA419,BKK,AUH,AC09,2025-06-12
41372,VA719,CMB,BLR,AC04,2025-03-27
41373,VA828,CDG,PNQ,AC03,2026-03-07
41374,VA552,SIN,KTM,AC08,2025-12-22
41375,VA223,PNQ,JFK,AC09,2025-08-11
41376,VA282,CDG,AUH,AC01,2026-03-20
41377,VA889,AUH,KUL,AC06,2026-01-08
41378,VA731,SIN,COK,AC09,2026-03-25
41379,VA483,COK,DOH,AC03,2026-01-18
41380,VA552,DEL,COK,AC06,2025-09-27
41381,VA700,COK,DEL,AC05,2025-06-18
41382,VA359,HYD,AUH,AC09,2025-01-07
41383,VA134,FRA,PNQ,AC05,2025-11-25
41384,VA144,BKK,DOH,AC05,2025-05-21
41385,VA685,CDG,BOM,AC01,2026-03-18
41386,VA722,SFO,BKK,AC08,2025-09-09
41387,VA867,CCU,BKK,AC09,2026-02-18
41388,VA478,HYD,BOM,AC01,2025-11-10
41389,VA822,SFO,MAA,AC03,2026-03-22
41390,VA529,MAA,BLR,AC02,2025-01-29
41391,VA827,KUL,CDG,AC01,2025-06-10
41392,VA384,HYD,KTM,AC04,2025-12-02
41393,VA117,FRA,HKG,AC06,2026-03-05
41394,VA826,JFK,DXB,AC03,2025-10-28
41395,VA628,HKG,AUH,AC01,2025-12-07
41396,VA957,DOH,SIN,AC01,2025-02-03
41397,VA251,COK,CMB,AC05,2025-02-12
41398,VA145,CCU,KUL,AC05,2025-11-08
41399,VA617,COK,SFO,AC07,2025-03-30
41400,VA962,CDG,HKG,AC01,2025-06-09
41401,VA459,PNQ,KTM,AC02,2025-06-24
41402,VA956,KUL,LHR,AC02,2025-10-17
41403,VA219,KUL,BLR,AC02,2025-04-04
41404,VA290,HKG,BLR,AC06,2025-10-30
41405,VA885,CDG,DEL,AC03,2026-02-08
41406,VA753,DEL,COK,AC06,2025-08-24
41407,VA352,BLR,HKG,AC05,2026-03-05
41408,VA985,JFK,CDG,AC04,2026-01-18
41409,VA417,HKG,MAA,AC01,2025-07-14
41410,VA282,SFO,AMD,AC05,2025-03-13
41411,VA523,LHR,DXB,AC04,2026-03-04
41412,VA304,COK,PNQ,AC03,2025-06-01
41413,VA550,PNQ,SFO,AC05,2025-02-17
41414,VA692,BKK,AUH,AC06,2025-06-28
41415,VA560,CDG,CMB,AC03,2025-01-19
41416,VA259,LHR,DOH,AC09,2025-10-19
41417,VA544,COK,SFO,AC06,2025-11-27
41418,VA312,JFK,AMD,AC06,2025-12-25
41419,VA949,CMB,KTM,AC05,2025-02-16
41420,VA364,CMB,COK,AC04,2025-08-28
41421,VA218,PNQ,BOM,AC09,2025-12-04
41422,VA586,CDG,CCU,AC03,2025-08-28
41423,VA481,LHR,DXB,AC10,2025-07-13
41424,VA134,JFK,LHR,AC06,2025-12-26
41425,VA467,HYD,CDG,AC01,2025-03-23
41426,VA442,SIN,BKK,AC06,2025-11-28
41427,VA466,HYD,CCU,AC05,2025-03-25
41428,VA290,KUL,KTM,AC01,2025-08-13
41429,VA707,FRA,KUL,AC10,2025-12-22
41430,VA508,SIN,HKG,AC08,2026-03-04
41431,VA840,GOI,PNQ,AC06,2025-11-04
41432,VA794,DXB,BKK,AC07,2025-06-03
41433,VA881,BOM,GOI,AC09,2025-02-25
41434,VA691,SIN,PNQ,AC07,2025-10-31
41435,VA624,DEL,CCU,AC03,2025-06-03
41436,VA636,FRA,SFO,AC04,2025-10-18
41437,VA441,MAA,JFK,AC01,2025-02-16
41438,VA920,AMD,MAA,AC06,2025-08-23
41439,VA571,DOH,CCU,AC01,2025-12-04
41440,VA276,MAA,COK,AC05,2025-06-07
41441,VA341,BLR,CCU,AC04,2025-08-12
41442,VA350,BLR,HKG,AC03,2025-12-17
41443,VA105,KTM,AUH,AC08,2025-03-23
41444,VA582,AUH,HYD,AC09,2025-12-18
41445,VA317,DOH,SFO,AC08,2025-12-09
41446,VA823,DOH,KUL,AC04,2026-01-26
41447,VA231,HYD,DOH,AC06,2026-01-26
41448,VA891,MAA,DOH,AC06,2025-05-25
41449,VA993,JFK,HKG,AC07,2025-11-02
41450,VA173,DOH,KTM,AC06,2025-09-08
41451,VA700,JFK,HKG,AC01,2025-04-24
41452,VA886,FRA,CCU,AC04,2025-07-08
41453,VA613,AUH,DXB,AC01,2025-11-09
41454,VA179,FRA,DOH,AC04,2025-03-12
41455,VA145,BKK,COK,AC04,2025-06-04
41456,VA447,SIN,BLR,AC07,2025-12-01
41457,VA254,CCU,SIN,AC05,2025-06-09
41458,VA940,DOH,JFK,AC08,2025-01-18
41459,VA283,PNQ,SIN,AC03,2025-07-23
41460,VA954,JFK,CMB,AC02,2025-08-27
41461,VA802,BLR,AUH,AC02,2025-12-02
41462,VA264,DOH,DEL,AC06,2025-03-07
41463,VA493,LHR,CMB,AC08,2025-01-06
41464,VA786,BKK,CDG,AC07,2025-08-05
41465,VA535,BOM,AMD,AC05,2026-01-15
41466,VA718,CDG,HYD,AC08,2025-09-15
41467,VA829,AUH,BKK,AC06,2026-03-09
41468,VA214,KTM,AUH,AC03,2025-08-06
41469,VA991,KTM,DOH,AC02,2025-03-18
41470,VA824,DEL,DXB,AC10,2025-05-13
41471,VA932,COK,CMB,AC10,2026-01-08
41472,VA149,KUL,SIN,AC08,2025-05-25
41473,VA988,BOM,HYD,AC08,2025-08-24
41474,VA713,AUH,BOM,AC06,2025-05-10
41475,VA791,SIN,DXB,AC05,2026-01-28
41476,VA373,DEL,KTM,AC03,2025-05-31
41477,VA117,AUH,SIN,AC08,2025-06-16
41478,VA136,AMD,CDG,AC10,2025-02-27
41479,VA137,AUH,HKG,AC09,2026-01-14
41480,VA279,DOH,GOI,AC02,2025-10-01
41481,VA844,HYD,MAA,AC03,2025-11-21
41482,VA381,BKK,SIN,AC06,2025-08-23
41483,VA349,SFO,FRA,AC09,2025-10-19
41484,VA178,KUL,BOM,AC06,2025-07-10
41485,VA723,BOM,MAA,AC02,2025-07-15
41486,VA180,CMB,HKG,AC06,2025-11-23
41487,VA532,HKG,AMD,AC07,2025-01-12
41488,VA363,CCU,HKG,AC02,2026-03-05
41489,VA912,SIN,HYD,AC04,2025-10-20
41490,VA730,PNQ,AMD,AC09,2025-10-04
41491,VA918,GOI,SFO,AC01,2025-07-11
41492,VA320,LHR,BKK,AC07,2025-05-21
41493,VA896,HKG,SFO,AC03,2025-05-22
41494,VA146,CMB,JFK,AC10,2025-07-24
41495,VA391,CCU,JFK,AC05,2025-01-03
41496,VA119,SIN,COK,AC07,2025-12-03
41497,VA373,MAA,PNQ,AC08,2025-11-03
41498,VA199,CDG,DXB,AC04,2025-04-26
41499,VA432,DEL,SFO,AC04,2025-02-02
41500,VA845,FRA,AMD,AC10,2026-02-28
41501,VA530,KUL,LHR,AC10,2025-06-18
41502,VA587,KTM,DOH,AC09,2025-01-07
41503,VA942,DXB,AUH,AC08,2025-03-19
41504,VA610,KUL,HKG,AC04,2025-09-30
41505,VA789,SFO,CCU,AC07,2025-05-11
41506,VA776,DOH,BOM,AC10,2025-02-10
41507,VA674,CDG,BKK,AC06,2025-02-12
41508,VA642,COK,HKG,AC06,2025-06-05
41509,VA562,AMD,DXB,AC08,2025-01-16
41510,VA698,MAA,FRA,AC03,2025-11-16
41511,VA541,AUH,LHR,AC07,2026-01-27
41512,VA669,DEL,AMD,AC08,2025-05-01
41513,VA234,DOH,KTM,AC07,2025-11-07
41514,VA323,HYD,DOH,AC04,2025-02-26
41515,VA282,LHR,AMD,AC03,2026-01-28
41516,VA663,HKG,DOH,AC07,2025-06-30
41517,VA713,COK,SIN,AC05,2025-06-13
41518,VA208,AUH,CDG,AC06,2025-09-15
41519,VA330,KTM,DOH,AC07,2025-09-11
41520,VA945,KUL,AMD,AC08,2025-03-22
41521,VA395,CCU,DOH,AC01,2025-09-30
41522,VA771,DXB,KUL,AC03,2025-12-16
41523,VA694,HYD,DOH,AC07,2025-08-03
41524,VA751,SIN,COK,AC01,2025-11-13
41525,VA724,GOI,MAA,AC10,2025-09-15
41526,VA684,BLR,FRA,AC07,2025-01-12
41527,VA355,DXB,FRA,AC03,2025-10-19
41528,VA800,CDG,BKK,AC02,2025-07-09
41529,VA715,DEL,HKG,AC07,2025-10-10
41530,VA970,CMB,COK,AC03,2025-08-23
41531,VA995,AUH,HKG,AC04,2025-03-31
41532,VA304,BKK,SFO,AC06,2025-03-09
41533,VA131,AMD,BLR,AC04,2025-10-23
41534,VA800,KUL,GOI,AC10,2025-08-16
41535,VA572,GOI,CCU,AC09,2025-11-25
41536,VA957,HYD,FRA,AC06,2026-03-23
41537,VA573,CCU,GOI,AC02,2025-01-04
41538,VA798,HKG,BOM,AC07,2026-03-20
41539,VA982,CMB,BKK,AC07,2025-02-06
41540,VA833,SIN,PNQ,AC09,2025-03-03
41541,VA762,SFO,FRA,AC09,2026-01-01
41542,VA592,DEL,KUL,AC01,2025-05-30
41543,VA887,DOH,HKG,AC01,2025-07-06
41544,VA623,DOH,SFO,AC08,2025-08-08
41545,VA967,HYD,MAA,AC05,2026-01-24
41546,VA839,LHR,HYD,AC03,2025-07-07
41547,VA447,SIN,JFK,AC03,2025-05-05
41548,VA370,BKK,COK,AC02,2025-06-18
41549,VA175,CDG,SFO,AC08,2025-12-30
41550,VA875,BKK,GOI,AC05,2025-06-25
41551,VA555,AMD,SFO,AC06,2026-02-08
41552,VA364,KUL,SFO,AC10,2025-05-21
41553,VA879,FRA,BOM,AC03,2025-03-17
41554,VA126,CMB,AMD,AC04,2026-03-27
41555,VA471,AUH,LHR,AC05,2025-06-07
41556,VA681,SFO,CCU,AC05,2025-09-01
41557,VA789,SFO,KUL,AC05,2025-03-21
41558,VA231,HKG,SFO,AC03,2025-11-08
41559,VA363,AMD,DOH,AC04,2025-01-15
41560,VA410,COK,LHR,AC03,2025-10-27
41561,VA472,DEL,PNQ,AC09,2026-01-17
41562,VA588,CMB,DOH,AC10,2025-03-29
41563,VA259,AUH,CDG,AC10,2026-03-13
41564,VA635,CMB,DXB,AC06,2025-07-13
41565,VA273,BKK,CDG,AC09,2025-09-04
41566,VA488,CCU,BKK,AC01,2025-12-09
41567,VA330,BLR,DXB,AC05,2025-04-16
41568,VA384,GOI,MAA,AC10,2026-02-03
41569,VA765,HKG,HYD,AC04,2025-07-02
41570,VA683,BKK,KUL,AC01,2026-03-07
41571,VA333,HKG,CMB,AC04,2025-07-06
41572,VA508,JFK,BOM,AC02,2025-06-18
41573,VA377,CMB,BLR,AC09,2025-10-01
41574,VA993,HKG,KTM,AC02,2026-02-13
41575,VA680,BOM,KUL,AC09,2025-05-07
41576,VA916,GOI,PNQ,AC03,2025-12-20
41577,VA333,CDG,GOI,AC08,2025-04-01
41578,VA372,BOM,FRA,AC09,2025-05-23
41579,VA294,BLR,HKG,AC02,2025-03-09
41580,VA162,CMB,AMD,AC04,2025-04-27
41581,VA879,GOI,LHR,AC10,2025-09-02
41582,VA649,KUL,HYD,AC01,2025-06-13
41583,VA301,CDG,BLR,AC08,2025-03-01
41584,VA587,KUL,BLR,AC04,2025-02-21
41585,VA320,KTM,LHR,AC10,2025-09-07
41586,VA109,AMD,LHR,AC10,2025-08-09
41587,VA553,HYD,HKG,AC04,2025-10-29
41588,VA873,CDG,FRA,AC08,2025-01-01
41589,VA715,PNQ,SIN,AC05,2025-09-10
41590,VA436,CDG,CCU,AC09,2025-09-05
41591,VA760,CMB,AMD,AC05,2025-05-16
41592,VA449,KTM,GOI,AC05,2025-12-14
41593,VA416,KTM,CMB,AC08,2025-02-27
41594,VA106,CCU,BKK,AC06,2025-09-18
41595,VA283,BKK,CCU,AC02,2026-01-25
41596,VA411,SIN,JFK,AC02,2026-03-18
41597,VA753,KUL,DXB,AC09,2026-02-26
41598,VA897,CCU,COK,AC02,2026-01-26
41599,VA414,GOI,COK,AC09,2025-06-06
41600,VA583,DXB,CMB,AC02,2025-12-17
41601,VA315,AMD,FRA,AC10,2025-12-11
41602,VA260,MAA,DXB,AC04,2026-01-28
41603,VA972,DOH,CCU,AC03,2025-11-09
41604,VA433,JFK,CCU,AC09,2025-08-31
41605,VA907,CDG,FRA,AC07,2026-02-04
41606,VA334,HKG,PNQ,AC05,2025-08-30
41607,VA248,AMD,AUH,AC05,2025-06-20
41608,VA949,HKG,AUH,AC06,2025-08-19
41609,VA676,AMD,SIN,AC07,2026-01-26
41610,VA880,SIN,DEL,AC07,2025-01-29
41611,VA761,SIN,AUH,AC03,2025-08-22
41612,VA938,PNQ,DEL,AC04,2025-04-17
41613,VA362,JFK,SFO,AC05,2026-03-03
41614,VA429,AUH,DEL,AC07,2026-02-09
41615,VA671,DOH,DXB,AC09,2026-01-14
41616,VA615,COK,FRA,AC08,2026-03-15
41617,VA176,PNQ,HYD,AC04,2025-03-24
41618,VA591,DXB,HKG,AC10,2025-08-29
41619,VA499,BOM,JFK,AC08,2025-05-08
41620,VA700,PNQ,FRA,AC07,2025-01-31
41621,VA754,HYD,BOM,AC06,2025-05-22
41622,VA548,KTM,AUH,AC05,2025-02-26
41623,VA867,BKK,MAA,AC02,2025-06-16
41624,VA944,HKG,SIN,AC03,2026-03-24
41625,VA406,MAA,LHR,AC10,2025-04-13
41626,VA548,KTM,BLR,AC04,2025-06-17
41627,VA881,LHR,KTM,AC05,2025-10-13
41628,VA806,CMB,AMD,AC01,2025-03-13
41629,VA828,BLR,SFO,AC06,2026-03-13
41630,VA865,AUH,KUL,AC04,2025-04-05
41631,VA333,DXB,KUL,AC08,2025-07-05
41632,VA793,DXB,COK,AC05,2025-05-11
41633,VA123,FRA,HKG,AC03,2025-03-03
41634,VA537,CDG,SIN,AC07,2026-02-17
41635,VA951,BKK,BOM,AC09,2025-01-31
41636,VA116,CMB,AUH,AC10,2025-08-12
41637,VA994,BOM,CMB,AC06,2026-02-09
41638,VA389,KTM,BKK,AC10,2025-06-20
41639,VA852,CDG,BLR,AC02,2025-10-17
41640,VA899,BLR,KTM,AC02,2025-09-30
41641,VA966,CCU,CMB,AC02,2025-10-21
41642,VA765,KUL,FRA,AC04,2026-01-20
41643,VA541,BLR,JFK,AC05,2025-08-27
41644,VA255,KUL,HKG,AC06,2025-02-07
41645,VA689,CCU,CDG,AC06,2025-08-21
41646,VA857,CMB,SFO,AC07,2025-01-11
41647,VA400,DOH,LHR,AC01,2025-11-16
41648,VA108,DOH,DEL,AC04,2025-06-15
41649,VA365,SIN,MAA,AC04,2025-10-27
41650,VA645,JFK,DXB,AC08,2025-12-01
41651,VA888,JFK,COK,AC10,2025-07-01
41652,VA256,SFO,LHR,AC04,2026-01-31
41653,VA415,MAA,COK,AC03,2025-02-21
41654,VA716,DEL,KTM,AC01,2026-02-04
41655,VA456,MAA,KTM,AC02,2025-06-17
41656,VA773,DXB,GOI,AC04,2025-04-14
41657,VA534,AMD,CCU,AC05,2025-04-30
41658,VA127,COK,AUH,AC03,2026-03-26
41659,VA954,KUL,HYD,AC07,2025-01-14
41660,VA974,KUL,HKG,AC04,2025-07-14
41661,VA549,BOM,KUL,AC07,2025-04-12
41662,VA704,COK,DOH,AC02,2025-02-17
41663,VA692,CCU,CMB,AC09,2025-03-04
41664,VA223,CCU,COK,AC08,2026-01-15
41665,VA867,FRA,AUH,AC06,2025-08-01
41666,VA918,COK,BLR,AC09,2025-07-04
41667,VA620,BKK,PNQ,AC02,2025-08-22
41668,VA922,DEL,DOH,AC07,2025-07-24
41669,VA469,HYD,AUH,AC05,2026-03-05
41670,VA968,BLR,SIN,AC05,2025-04-28
41671,VA766,SFO,BLR,AC07,2026-03-25
41672,VA381,BKK,DEL,AC06,2025-01-24
41673,VA281,MAA,GOI,AC10,2025-01-05
41674,VA259,MAA,CMB,AC03,2025-12-22
41675,VA162,BKK,BOM,AC10,2026-02-15
41676,VA776,COK,HKG,AC05,2025-07-10
41677,VA943,FRA,SIN,AC03,2025-08-03
41678,VA255,CCU,CMB,AC03,2025-07-06
41679,VA130,HYD,CCU,AC08,2025-04-15
41680,VA740,AMD,DOH,AC06,2026-03-07
41681,VA428,PNQ,FRA,AC01,2026-02-06
41682,VA129,DEL,DXB,AC08,2025-01-18
41683,VA517,HKG,MAA,AC01,2025-10-04
41684,VA839,DOH,FRA,AC09,2025-03-28
41685,VA115,CCU,HYD,AC06,2025-04-25
41686,VA167,BLR,SIN,AC02,2025-09-01
41687,VA976,KUL,SIN,AC09,2025-08-14
41688,VA928,MAA,FRA,AC01,2025-06-09
41689,VA231,BKK,PNQ,AC06,2025-12-03
41690,VA728,KTM,AUH,AC02,2025-09-02
41691,VA951,BKK,HKG,AC10,2025-04-11
41692,VA627,MAA,GOI,AC03,2026-02-17
41693,VA775,MAA,GOI,AC02,2026-01-16
41694,VA513,HYD,SFO,AC05,2026-03-31
41695,VA355,FRA,HYD,AC04,2025-05-09
41696,VA775,CCU,HKG,AC05,2025-06-18
41697,VA784,SFO,KUL,AC10,2025-09-24
41698,VA373,CMB,LHR,AC03,2025-06-17
41699,VA777,SIN,AUH,AC03,2025-10-24
41700,VA865,HKG,BOM,AC07,2025-11-20
41701,VA286,BOM,COK,AC01,2025-03-15
41702,VA955,CDG,BOM,AC04,2025-03-24
41703,VA111,DOH,DXB,AC10,2025-09-04
41704,VA292,BKK,AUH,AC10,2025-07-27
41705,VA564,KUL,COK,AC10,2025-05-15
41706,VA220,KTM,KUL,AC05,2025-12-02
41707,VA445,CMB,DXB,AC03,2025-05-11
41708,VA890,DXB,BKK,AC09,2025-08-22
41709,VA784,JFK,HYD,AC06,2026-01-26
41710,VA164,CMB,PNQ,AC06,2025-08-07
41711,VA656,CDG,DEL,AC03,2025-02-18
41712,VA949,GOI,KUL,AC02,2025-03-03
41713,VA402,KTM,SFO,AC03,2026-03-24
41714,VA563,AUH,AMD,AC07,2025-10-11
41715,VA286,BLR,CMB,AC07,2026-02-24
41716,VA245,CMB,COK,AC04,2026-02-02
41717,VA851,DEL,COK,AC06,2025-09-27
41718,VA676,FRA,MAA,AC09,2025-09-26
41719,VA471,BOM,KTM,AC09,2025-04-28
41720,VA270,SFO,CMB,AC06,2025-03-23
41721,VA269,HYD,JFK,AC10,2025-04-26
41722,VA653,SFO,MAA,AC10,2025-08-06
41723,VA150,COK,PNQ,AC07,2025-06-01
41724,VA531,DOH,CMB,AC08,2025-08-28
41725,VA838,DXB,MAA,AC05,2025-01-01
41726,VA825,BLR,PNQ,AC09,2025-12-09
41727,VA851,AMD,COK,AC10,2025-11-01
41728,VA873,BLR,BOM,AC07,2025-03-13
41729,VA942,MAA,BKK,AC03,2026-01-27
41730,VA905,GOI,DOH,AC03,2025-11-27
41731,VA705,SIN,DOH,AC04,2025-05-08
41732,VA331,AUH,BLR,AC05,2025-03-13
41733,VA843,DOH,HYD,AC10,2025-12-11
41734,VA554,MAA,COK,AC03,2025-12-11
41735,VA111,PNQ,DXB,AC02,2025-09-24
41736,VA205,AMD,CMB,AC10,2025-08-30
41737,VA548,GOI,JFK,AC05,2026-02-25
41738,VA860,HYD,KTM,AC10,2025-08-21
41739,VA872,MAA,BLR,AC06,2026-03-25
41740,VA490,PNQ,BOM,AC05,2025-02-27
41741,VA536,CDG,KUL,AC10,2025-03-28
41742,VA876,SFO,BKK,AC05,2025-04-26
41743,VA190,CMB,HYD,AC10,2025-11-03
41744,VA990,AUH,GOI,AC08,2026-03-05
41745,VA531,SFO,SIN,AC01,2025-11-23
41746,VA962,HYD,PNQ,AC05,2025-05-09
41747,VA436,CDG,CMB,AC07,2025-12-08
41748,VA185,PNQ,AUH,AC01,2025-02-21
41749,VA348,SFO,BKK,AC10,2025-09-11
41750,VA544,GOI,LHR,AC05,2025-02-23
41751,VA674,SFO,BKK,AC10,2026-03-05
41752,VA721,LHR,DOH,AC09,2026-03-22
41753,VA143,JFK,DOH,AC10,2025-02-25
41754,VA200,LHR,CDG,AC10,2025-02-18
41755,VA469,HYD,GOI,AC10,2025-12-11
41756,VA531,SFO,FRA,AC07,2026-01-03
41757,VA455,HKG,BOM,AC08,2026-03-13
41758,VA984,KUL,LHR,AC09,2025-01-20
41759,VA862,DOH,CDG,AC07,2025-12-09
41760,VA680,DEL,COK,AC03,2025-01-13
41761,VA201,CDG,DXB,AC05,2025-07-31
41762,VA567,DEL,HKG,AC05,2025-07-03
41763,VA460,JFK,AUH,AC04,2025-05-22
41764,VA432,KUL,BOM,AC08,2025-12-24
41765,VA887,CDG,PNQ,AC03,2025-04-18
41766,VA429,KTM,CDG,AC07,2026-01-21
41767,VA964,AUH,CCU,AC08,2026-03-15
41768,VA460,BLR,DXB,AC10,2025-10-03
41769,VA424,HKG,GOI,AC05,2025-02-21
41770,VA754,HKG,BLR,AC07,2025-06-10
41771,VA754,FRA,BKK,AC03,2026-01-23
41772,VA371,DOH,COK,AC08,2025-06-29
41773,VA470,DXB,KUL,AC03,2025-03-28
41774,VA214,DXB,DEL,AC04,2025-10-25
41775,VA817,AMD,CMB,AC09,2025-06-01
41776,VA507,KTM,CCU,AC10,2025-12-23
41777,VA195,BLR,COK,AC02,2025-12-31
41778,VA514,FRA,JFK,AC05,2025-03-16
41779,VA645,SFO,DXB,AC06,2025-07-23
41780,VA206,MAA,DOH,AC05,2025-11-11
41781,VA431,LHR,BLR,AC04,2025-08-15
41782,VA661,BOM,GOI,AC03,2025-12-08
41783,VA606,PNQ,DEL,AC04,2026-03-03
41784,VA351,SFO,GOI,AC04,2025-08-14
41785,VA248,CDG,COK,AC01,2025-06-01
41786,VA978,GOI,DEL,AC10,2025-09-05
41787,VA669,KUL,SIN,AC09,2025-10-18
41788,VA290,COK,SIN,AC09,2025-10-25
41789,VA689,DOH,CDG,AC07,2026-01-18
41790,VA915,PNQ,SFO,AC06,2026-02-16
41791,VA479,PNQ,SIN,AC06,2025-05-01
41792,VA465,DXB,KTM,AC02,2025-12-21
41793,VA980,MAA,DXB,AC04,2026-02-12
41794,VA231,KTM,LHR,AC02,2026-02-06
41795,VA587,CMB,SFO,AC09,2025-06-10
41796,VA333,HYD,FRA,AC06,2026-01-03
41797,VA667,SFO,CDG,AC04,2025-08-27
41798,VA956,PNQ,LHR,AC01,2025-08-24
41799,VA609,FRA,KUL,AC10,2025-08-12
41800,VA122,BLR,CCU,AC09,2025-08-18
41801,VA158,KTM,CDG,AC06,2025-09-02
41802,VA165,SFO,MAA,AC06,2025-02-03
41803,VA683,HKG,PNQ,AC05,2026-01-08
41804,VA712,DEL,SFO,AC08,2025-08-09
41805,VA505,SFO,MAA,AC04,2025-12-05
41806,VA651,KUL,AMD,AC05,2025-06-19
41807,VA917,GOI,LHR,AC09,2025-07-28
41808,VA797,MAA,KTM,AC10,2025-06-11
41809,VA154,DEL,FRA,AC06,2025-10-28
41810,VA728,HYD,BLR,AC02,2025-09-29
41811,VA265,SIN,HKG,AC04,2025-05-08
41812,VA955,FRA,CCU,AC03,2025-01-16
41813,VA846,CDG,BKK,AC02,2025-06-19
41814,VA513,BLR,HYD,AC10,2025-12-25
41815,VA924,JFK,DOH,AC07,2025-07-15
41816,VA241,SFO,BKK,AC06,2025-04-04
41817,VA463,HYD,AMD,AC03,2025-12-29
41818,VA611,SIN,PNQ,AC02,2025-04-05
41819,VA305,PNQ,DOH,AC04,2025-06-29
41820,VA447,CDG,BLR,AC08,2026-01-20
41821,VA363,HYD,CMB,AC01,2026-03-27
41822,VA670,FRA,BOM,AC01,2025-12-16
41823,VA272,AUH,HYD,AC01,2025-09-28
41824,VA493,DEL,DXB,AC05,2025-01-15
41825,VA979,LHR,AUH,AC02,2025-03-30
41826,VA735,COK,CDG,AC08,2025-04-04
41827,VA453,KTM,COK,AC02,2026-03-23
41828,VA714,JFK,MAA,AC06,2025-10-21
41829,VA823,CCU,KUL,AC03,2025-09-17
41830,VA131,MAA,KUL,AC10,2025-01-20
41831,VA926,KTM,HYD,AC05,2025-05-30
41832,VA799,HYD,AUH,AC03,2025-10-30
41833,VA202,CMB,CCU,AC08,2025-04-09
41834,VA727,FRA,MAA,AC06,2025-08-21
41835,VA951,JFK,KTM,AC07,2026-02-06
41836,VA784,KUL,HYD,AC09,2025-02-03
41837,VA474,DXB,GOI,AC03,2025-05-03
41838,VA913,BKK,COK,AC07,2025-01-22
41839,VA591,AUH,BOM,AC10,2025-02-20
41840,VA779,CMB,BLR,AC06,2025-09-27
41841,VA644,LHR,SFO,AC09,2025-07-21
41842,VA305,KTM,CDG,AC05,2025-06-14
41843,VA881,MAA,KUL,AC04,2025-05-30
41844,VA513,CDG,SIN,AC07,2025-07-13
41845,VA124,BLR,BKK,AC08,2025-02-23
41846,VA595,DXB,KTM,AC10,2025-07-19
41847,VA905,AMD,BKK,AC05,2026-01-30
41848,VA156,JFK,SFO,AC09,2026-03-02
41849,VA191,BOM,COK,AC05,2025-10-28
41850,VA655,HKG,LHR,AC03,2025-11-25
41851,VA149,DXB,HKG,AC09,2025-01-15
41852,VA494,BOM,AMD,AC04,2025-06-30
41853,VA943,KTM,BOM,AC07,2026-01-14
41854,VA620,CMB,CCU,AC06,2025-12-15
41855,VA319,SFO,BOM,AC02,2025-08-23
41856,VA829,CCU,GOI,AC06,2025-02-07
41857,VA607,SFO,COK,AC04,2025-10-20
41858,VA115,CDG,FRA,AC01,2025-07-15
41859,VA219,COK,SFO,AC05,2025-01-03
41860,VA933,GOI,JFK,AC06,2025-04-01
41861,VA480,DOH,GOI,AC07,2025-01-23
41862,VA352,MAA,FRA,AC10,2025-12-09
41863,VA796,PNQ,SIN,AC10,2025-12-30
41864,VA309,CDG,AMD,AC05,2025-07-29
41865,VA525,SFO,DEL,AC07,2025-07-13
41866,VA936,PNQ,COK,AC08,2025-05-10
41867,VA741,FRA,DEL,AC07,2025-01-22
41868,VA231,SFO,KUL,AC04,2025-02-06
41869,VA218,CDG,HYD,AC03,2026-02-10
41870,VA287,BKK,BLR,AC09,2025-06-17
41871,VA362,CCU,HKG,AC07,2025-05-26
41872,VA391,KTM,AMD,AC10,2025-05-14
41873,VA942,HYD,DOH,AC04,2025-02-14
41874,VA305,KTM,BKK,AC03,2025-09-23
41875,VA590,BOM,BKK,AC02,2025-02-27
41876,VA953,GOI,BOM,AC07,2025-04-05
41877,VA925,BLR,SFO,AC02,2025-05-04
41878,VA479,SIN,FRA,AC08,2026-01-14
41879,VA711,MAA,KUL,AC01,2025-12-06
41880,VA886,CMB,COK,AC04,2026-01-07
41881,VA682,DXB,BOM,AC01,2025-03-20
41882,VA279,DXB,PNQ,AC06,2025-08-25
41883,VA157,COK,CDG,AC07,2025-07-14
41884,VA617,MAA,AMD,AC02,2025-04-26
41885,VA299,CCU,CDG,AC06,2025-12-03
41886,VA125,HKG,KUL,AC08,2025-02-05
41887,VA641,GOI,FRA,AC05,2025-10-13
41888,VA660,CCU,MAA,AC06,2025-01-30
41889,VA166,HYD,JFK,AC07,2025-09-23
41890,VA733,KTM,DEL,AC03,2026-01-06
41891,VA139,DXB,AUH,AC03,2025-02-23
41892,VA106,JFK,GOI,AC07,2025-01-02
41893,VA933,LHR,BOM,AC07,2026-01-29
41894,VA977,LHR,HYD,AC04,2026-01-26
41895,VA677,CDG,BOM,AC09,2025-02-07
41896,VA943,DEL,CDG,AC08,2025-10-20
41897,VA389,CDG,DOH,AC10,2025-07-18
41898,VA343,KUL,HKG,AC08,2025-11-10
41899,VA751,PNQ,AUH,AC08,2025-09-03
41900,VA649,MAA,KUL,AC06,2025-04-25
41901,VA752,MAA,AMD,AC03,2025-07-18
41902,VA476,PNQ,CCU,AC01,2025-08-10
41903,VA143,AMD,MAA,AC08,2025-07-30
41904,VA972,SFO,KTM,AC04,2025-07-25
41905,VA461,MAA,CDG,AC04,2025-07-27
41906,VA851,SIN,KUL,AC08,2025-08-16
41907,VA472,DOH,KUL,AC06,2025-06-16
41908,VA236,JFK,DOH,AC09,2025-04-16
41909,VA829,GOI,COK,AC04,2025-10-19
41910,VA775,COK,HKG,AC10,2025-07-06
41911,VA983,KUL,KTM,AC07,2025-07-11
41912,VA318,CDG,AMD,AC07,2025-03-14
41913,VA655,BKK,HYD,AC08,2025-06-03
41914,VA152,FRA,SIN,AC04,2025-04-22
41915,VA260,DXB,KTM,AC07,2025-09-22
41916,VA553,SIN,CCU,AC01,2025-12-22
41917,VA681,COK,DOH,AC03,2025-05-20
41918,VA676,HKG,JFK,AC03,2025-11-25
41919,VA900,DOH,LHR,AC04,2025-03-19
41920,VA579,SIN,DXB,AC04,2026-03-21
41921,VA880,HKG,MAA,AC08,2025-06-11
41922,VA852,FRA,CMB,AC01,2025-12-13
41923,VA187,HYD,BLR,AC01,2025-01-05
41924,VA973,BOM,DXB,AC02,2025-06-10
41925,VA861,AUH,COK,AC03,2025-04-20
41926,VA471,AMD,BLR,AC10,2025-06-11
41927,VA586,LHR,KUL,AC06,2025-12-27
41928,VA410,CCU,AMD,AC02,2026-02-15
41929,VA255,KTM,CCU,AC03,2025-08-01
41930,VA733,HYD,KTM,AC07,2025-03-23
41931,VA580,KTM,CDG,AC05,2025-12-20
41932,VA779,GOI,HYD,AC03,2025-08-16
41933,VA238,HYD,BOM,AC07,2025-08-31
41934,VA274,DOH,BKK,AC01,2025-10-28
41935,VA551,SFO,AUH,AC10,2025-10-20
41936,VA120,CCU,KUL,AC08,2025-12-10
41937,VA447,LHR,AUH,AC02,2026-03-30
41938,VA281,AUH,BLR,AC03,2025-11-16
41939,VA503,AMD,JFK,AC03,2025-02-26
41940,VA749,JFK,COK,AC06,2025-05-30
41941,VA463,SFO,BLR,AC10,2026-02-14
41942,VA736,BKK,DEL,AC10,2025-08-02
41943,VA971,CCU,AUH,AC05,2025-04-09
41944,VA632,CMB,PNQ,AC01,2025-09-08
41945,VA153,DXB,CCU,AC04,2025-12-25
41946,VA559,AMD,PNQ,AC07,2025-06-22
41947,VA867,BOM,PNQ,AC08,2025-12-04
41948,VA664,BLR,DXB,AC01,2025-03-08
41949,VA852,FRA,DEL,AC10,2025-01-10
41950,VA304,AMD,DOH,AC08,2025-07-14
41951,VA811,DOH,BOM,AC05,2025-12-23
41952,VA475,DOH,DXB,AC09,2026-03-14
41953,VA450,SIN,SFO,AC03,2025-06-27
41954,VA665,HKG,PNQ,AC04,2025-09-08
41955,VA185,AMD,PNQ,AC08,2025-12-10
41956,VA426,BLR,JFK,AC09,2025-02-28
41957,VA925,DEL,MAA,AC02,2025-05-05
41958,VA482,BLR,CCU,AC02,2025-03-20
41959,VA897,LHR,GOI,AC02,2026-03-19
41960,VA840,BLR,DEL,AC01,2026-01-13
41961,VA172,DXB,FRA,AC03,2025-10-26
41962,VA746,CDG,KUL,AC06,2026-02-07
41963,VA727,JFK,HYD,AC02,2025-01-29
41964,VA304,SFO,MAA,AC02,2025-04-06
41965,VA193,BLR,SFO,AC01,2025-08-10
41966,VA315,JFK,GOI,AC01,2026-01-03
41967,VA428,BLR,DOH,AC09,2025-04-09
41968,VA825,BKK,COK,AC08,2025-11-06
41969,VA580,SFO,CCU,AC05,2026-01-10
41970,VA985,JFK,LHR,AC01,2025-08-15
41971,VA106,CCU,CMB,AC02,2025-04-01
41972,VA247,COK,PNQ,AC09,2025-10-22
41973,VA226,COK,SFO,AC02,2025-04-07
41974,VA874,CCU,DXB,AC04,2025-03-25
41975,VA956,DOH,CDG,AC10,2025-06-01
41976,VA618,FRA,SIN,AC05,2025-04-22
41977,VA944,SIN,PNQ,AC06,2026-01-12
41978,VA107,GOI,CMB,AC05,2025-05-25
41979,VA163,CCU,BLR,AC02,2025-09-10
41980,VA161,AUH,HKG,AC10,2026-01-22
41981,VA790,SIN,BLR,AC08,2025-01-07
41982,VA190,HKG,JFK,AC06,2025-10-29
41983,VA797,AUH,SFO,AC10,2025-12-14
41984,VA368,BLR,LHR,AC06,2025-08-19
41985,VA930,AUH,HKG,AC08,2025-07-09
41986,VA881,BKK,AMD,AC08,2025-06-10
41987,VA294,KTM,HKG,AC04,2025-10-28
41988,VA807,CCU,BOM,AC06,2025-07-29
41989,VA915,KUL,DXB,AC07,2025-08-26
41990,VA245,KUL,MAA,AC07,2025-08-03
41991,VA907,DEL,MAA,AC06,2025-07-15
41992,VA509,CDG,MAA,AC06,2025-01-08
41993,VA276,SIN,JFK,AC03,2025-10-31
41994,VA197,CCU,COK,AC01,2025-07-20
41995,VA377,BKK,MAA,AC06,2025-04-12
41996,VA501,DEL,BKK,AC03,2025-06-05
41997,VA333,KTM,PNQ,AC04,2025-09-07
41998,VA611,FRA,HKG,AC07,2025-08-11
41999,VA781,CCU,BKK,AC01,2025-06-30
