passenger_id,passenger_name,home_airport_code,frequent_flyer_tier,signup_date
700000,Kabir Sharma,PNQ,Blue,2024-09-19
700001,Yash Gupta,SFO,Blue,2024-10-03
700002,Riya Nair,DXB,Silver,2021-06-09
700003,Saanvi Malhotra,CMB,Blue,2024-12-28
700004,Aisha Patel,BKK,Platinum,2024-03-21
700005,Aryan Das,BLR,Gold,2023-09-24
700006,Vivaan Sharma,KUL,Platinum,2021-08-23
700007,Ishaan Rao,FRA,Blue,2024-04-27
700008,Riya Chopra,KTM,Silver,2024-05-05
700009,Shreya Sharma,BOM,Blue,2023-08-07
700010,Gaurav Rao,HYD,Gold,2022-10-29
700011,Aisha Das,KTM,Silver,2024-02-11
700012,Riya Menon,BKK,Silver,2021-07-19
700013,Aryan Mehta,KTM,Platinum,2023-07-01
700014,Aarav Iyer,GOI,Silver,2021-12-27
700015,Manish Singh,BLR,Blue,2022-09-23
700016,Yash Nair,DEL,Gold,2023-04-12
700017,Karan Singh,GOI,Gold,2021-05-23
700018,Saanvi Patel,PNQ,Blue,2024-05-10
700019,Neha Reddy,COK,Blue,2021-08-11
700020,Kavya Kapoor,HYD,Blue,2024-11-04
700021,Shreya Mehta,MAA,Gold,2024-05-06
700022,Vivaan Naidu,DXB,Gold,2023-02-16
700023,Harsh Bhat,SIN,Blue,2022-11-02
700024,Kabir Bose,AMD,Gold,2023-10-10
700025,Ishaan Bhat,DEL,Blue,2024-08-13
700026,Sneha Shetty,PNQ,Blue,2024-09-14
700027,Ved Kapoor,BLR,Gold,2021-05-06
700028,Ritu Rao,KUL,Blue,2021-07-05
700029,Aditya Verma,GOI,Blue,2022-03-22
700030,Riya Joshi,AMD,Gold,2021-10-12
700031,Ishaan Gupta,GOI,Blue,2024-04-04
700032,Saanvi Bose,AMD,Platinum,2024-07-26
700033,Yash Menon,BLR,Blue,2021-01-01
700034,Siddharth Iyer,JFK,Blue,2021-10-28
700035,Siddharth Kapoor,JFK,Blue,2024-09-15
700036,Karan Malhotra,HKG,Silver,2021-11-02
700037,Yash Ghosh,SIN,Silver,2023-07-17
700038,Aditya Desai,MAA,Gold,2023-12-25
700039,Priya Bhat,AMD,Blue,2022-08-20
700040,Dev Iyer,HYD,Blue,2023-03-10
700041,Harsh Bose,GOI,Blue,2024-06-14
700042,Yash Shetty,AUH,Silver,2024-03-29
700043,Gaurav Gupta,BOM,Platinum,2023-07-05
700044,Pooja Verma,DXB,Silver,2022-02-05
700045,Riya Verma,DXB,Silver,2022-02-26
700046,Pooja Bose,AUH,Gold,2024-10-27
700047,Yash Patel,BOM,Silver,2022-10-11
700048,Karan Kulkarni,COK,Blue,2022-09-06
700049,Pooja Rao,CCU,Blue,2024-03-13
700050,Nikhil Bose,BKK,Blue,2024-10-23
700051,Harsh Nair,KUL,Blue,2022-09-16
700052,Tara Nair,MAA,Blue,2023-06-10
700053,Dev Naidu,BLR,Silver,2022-12-07
700054,Gaurav Bhat,GOI,Silver,2021-07-02
700055,Tara Naidu,SFO,Silver,2024-04-08
700056,Aryan Das 56,GOI,Blue,2021-01-17
700057,Aryan Bose,KUL,Blue,2024-06-06
700058,Siddharth Gupta,FRA,Blue,2023-11-12
700059,Meera Chopra,GOI,Silver,2023-04-08
700060,Nikhil Patel,PNQ,Blue,2021-09-19
700061,Ananya Reddy,FRA,Blue,2022-08-26
700062,Rohan Shetty,CDG,Silver,2021-05-08
700063,Priya Malhotra,HKG,Blue,2023-01-27
700064,Manish Desai,HYD,Silver,2024-01-30
700065,Aditya Bose,GOI,Silver,2021-04-19
700066,Neha Desai,SFO,Silver,2021-01-02
700067,Harsh Chopra,MAA,Silver,2024-12-11
700068,Tara Bhat,GOI,Silver,2024-02-21
700069,Aarav Malhotra,HKG,Blue,2023-01-06
700070,Kabir Malhotra,HKG,Gold,2021-08-13
700071,Aisha Mehta,COK,Blue,2022-08-01
700072,Rahul Reddy,CMB,Silver,2021-03-05
700073,Sneha Das,AUH,Blue,2022-04-27
700074,Priya Menon,SIN,Blue,2023-06-04
700075,Aarav Naidu,CCU,Silver,2024-12-09
700076,Tara Chopra,AMD,Blue,2024-04-23
700077,Arjun Chopra,FRA,Blue,2023-03-19
700078,Saanvi Shetty,AMD,Silver,2024-07-04
700079,Aman Shetty,BLR,Blue,2022-10-14
700080,Lakshmi Desai,SIN,Blue,2024-12-28
700081,Nisha Nair,KUL,Blue,2023-02-23
700082,Siddharth Iyer 82,SIN,Blue,2023-04-12
700083,Aisha Chopra,CMB,Silver,2023-02-21
700084,Aarav Desai,SIN,Blue,2023-06-11
700085,Pooja Pillai,SFO,Platinum,2024-01-22
700086,Diya Reddy,AUH,Blue,2022-03-09
700087,Siddharth Joshi,KTM,Silver,2024-09-18
700088,Dev Verma,DXB,Gold,2021-12-22
700089,Dev Kulkarni,COK,Silver,2023-08-31
700090,Ishaan Patel,CMB,Silver,2021-10-12
700091,Nikhil Patel 91,FRA,Blue,2022-01-21
700092,Aisha Nair,FRA,Gold,2024-02-12
700093,Meera Malhotra,AMD,Silver,2023-02-27
700094,Sana Bhat,AUH,Silver,2023-01-08
700095,Priya Mehta,BKK,Blue,2023-05-05
700096,Varun Desai,CCU,Blue,2021-11-12
700097,Manish Rao,BKK,Silver,2022-08-14
700098,Aisha Naidu,KTM,Blue,2024-10-04
700099,Nisha Ghosh,LHR,Gold,2021-09-15
700100,Aman Bose,BOM,Blue,2021-10-03
700101,Siddharth Menon,HKG,Silver,2021-01-24
700102,Varun Menon,AUH,Gold,2021-05-27
700103,Kabir Gupta,AMD,Blue,2024-08-20
700104,Riya Patel,DOH,Blue,2021-02-02
700105,Rahul Sharma,SFO,Silver,2021-10-22
700106,Aryan Bhat,CMB,Blue,2023-09-24
700107,Riya Kulkarni,SIN,Blue,2024-09-09
700108,Riya Sharma,LHR,Blue,2023-06-14
700109,Aditya Ghosh,PNQ,Gold,2021-10-06
700110,Ananya Gupta,JFK,Blue,2021-06-23
700111,Aditya Verma 111,DOH,Blue,2021-10-09
700112,Rahul Patel,BKK,Silver,2024-08-08
700113,Lakshmi Gupta,BLR,Gold,2023-05-02
700114,Yash Malhotra,LHR,Gold,2023-07-23
700115,Nikhil Rao,BKK,Gold,2024-11-25
700116,Aisha Nair 116,PNQ,Platinum,2024-05-22
700117,Ritu Kulkarni,BKK,Blue,2023-05-22
700118,Sana Gupta,BOM,Blue,2024-06-30
700119,Sana Das,HKG,Blue,2022-01-04
700120,Nisha Reddy,CMB,Blue,2023-07-20
700121,Saanvi Malhotra 121,AMD,Blue,2023-11-10
700122,Manish Kapoor,LHR,Silver,2023-05-19
700123,Manish Das,HKG,Blue,2024-02-05
700124,Harsh Naidu,DXB,Blue,2023-07-11
700125,Ananya Malhotra,DEL,Blue,2023-02-27
700126,Saanvi Verma,COK,Silver,2022-12-29
700127,Vikram Naidu,DOH,Blue,2022-04-08
700128,Rahul Reddy 128,DOH,Silver,2022-01-16
700129,Dev Rao,SIN,Gold,2023-05-20
700130,Nisha Bhat,SIN,Blue,2024-05-23
700131,Divya Nair,DXB,Blue,2021-01-16
700132,Manish Iyer,AMD,Silver,2024-03-29
700133,Yash Menon 133,LHR,Blue,2023-10-18
700134,Dev Patel,KUL,Silver,2022-04-30
700135,Divya Bhat,DOH,Silver,2024-12-29
700136,Saanvi Verma 136,PNQ,Blue,2023-10-25
700137,Aisha Sharma,DEL,Blue,2022-07-06
700138,Ishaan Gupta 138,BLR,Blue,2023-04-22
700139,Priya Das,AMD,Blue,2024-01-24
700140,Nikhil Pillai,HKG,Blue,2024-03-26
700141,Karan Bose,BLR,Blue,2023-01-22
700142,Ananya Iyer,SFO,Silver,2021-03-10
700143,Neha Sharma,HYD,Blue,2021-03-19
700144,Neha Mehta,GOI,Gold,2024-03-09
700145,Harsh Joshi,DXB,Blue,2023-09-17
700146,Manish Ghosh,MAA,Silver,2024-12-14
700147,Gaurav Malhotra,AUH,Gold,2023-01-25
700148,Nikhil Nair,AUH,Blue,2021-08-20
700149,Nisha Joshi,DXB,Blue,2024-04-03
700150,Karan Verma,CMB,Blue,2023-09-14
700151,Aryan Naidu,GOI,Silver,2024-11-15
700152,Aisha Verma,GOI,Blue,2021-06-13
700153,Pooja Verma 153,FRA,Silver,2021-10-18
700154,Ananya Kulkarni,BLR,Gold,2023-12-15
700155,Sana Chopra,CDG,Gold,2022-07-27
700156,Varun Iyer,BKK,Blue,2023-08-11
700157,Ananya Chopra,CMB,Blue,2023-11-25
700158,Ishaan Iyer,HYD,Blue,2021-06-10
700159,Aditya Desai 159,HKG,Gold,2023-12-08
700160,Aditya Malhotra,CCU,Blue,2024-06-03
700161,Dev Bose,MAA,Blue,2021-07-01
700162,Kabir Kulkarni,HYD,Blue,2022-05-18
700163,Dev Kulkarni 163,SIN,Blue,2023-08-26
700164,Shreya Verma,HKG,Blue,2024-07-15
700165,Ved Patel,CCU,Silver,2024-09-21
700166,Anjali Malhotra,AMD,Blue,2024-10-01
700167,Aryan Kulkarni,MAA,Silver,2021-06-09
700168,Varun Singh,BKK,Gold,2024-11-01
700169,Tara Rao,DXB,Silver,2024-07-21
700170,Pooja Gupta,DEL,Blue,2024-01-10
700171,Tara Bose,KUL,Platinum,2024-04-02
700172,Meera Malhotra 172,MAA,Blue,2022-10-02
700173,Aman Menon,KUL,Silver,2024-06-09
700174,Pooja Patel,AMD,Blue,2021-04-19
700175,Aarav Menon,CMB,Blue,2022-12-05
700176,Ved Kulkarni,MAA,Silver,2024-01-01
700177,Saanvi Patel 177,LHR,Silver,2021-01-23
700178,Aisha Rao,FRA,Blue,2023-08-19
700179,Lakshmi Mehta,BOM,Blue,2023-07-19
700180,Meera Kapoor,BLR,Blue,2023-11-16
700181,Aditya Gupta,CDG,Blue,2023-08-19
700182,Siddharth Joshi 182,MAA,Blue,2024-03-21
700183,Priya Menon 183,GOI,Silver,2022-11-10
700184,Aisha Ghosh,DXB,Gold,2023-05-13
700185,Aman Desai,COK,Gold,2022-12-24
700186,Varun Sharma,CDG,Silver,2022-08-27
700187,Gaurav Joshi,DOH,Blue,2022-08-16
700188,Saanvi Nair,BKK,Blue,2021-12-10
700189,Tara Reddy,KUL,Blue,2021-03-14
700190,Saanvi Naidu,KUL,Blue,2024-11-24
700191,Gaurav Nair,KUL,Gold,2024-05-08
700192,Yash Joshi,PNQ,Silver,2022-09-15
700193,Shreya Rao,CDG,Platinum,2024-02-29
700194,Rahul Rao,KUL,Silver,2022-06-18
700195,Tara Chopra 195,FRA,Blue,2021-05-06
700196,Nikhil Mehta,CMB,Blue,2024-07-12
700197,Ananya Patel,GOI,Blue,2023-08-28
700198,Manish Mehta,KUL,Blue,2024-03-30
700199,Vivaan Sharma 199,BLR,Blue,2021-12-13
700200,Rahul Nair,HYD,Blue,2024-03-19
700201,Tara Iyer,BLR,Blue,2021-04-16
700202,Divya Bhat 202,GOI,Blue,2024-09-06
700203,Manish Bhat,MAA,Gold,2022-08-21
700204,Aarav Reddy,CMB,Blue,2024-07-02
700205,Aditya Ghosh 205,DOH,Blue,2021-02-25
700206,Rohan Bhat,DXB,Blue,2022-08-11
700207,Vivaan Kapoor,HYD,Blue,2023-09-20
700208,Aryan Bhat 208,AMD,Platinum,2021-06-18
700209,Rohan Das,MAA,Blue,2021-09-17
700210,Meera Verma,BKK,Silver,2023-11-02
700211,Aman Kapoor,CMB,Blue,2021-06-07
700212,Vivaan Kapoor 212,BKK,Gold,2022-07-24
700213,Karan Malhotra 213,HKG,Gold,2022-06-01
700214,Dev Malhotra,SIN,Blue,2021-09-29
700215,Saanvi Kapoor,AUH,Blue,2024-06-15
700216,Gaurav Das,HYD,Blue,2022-07-30
700217,Ved Naidu,GOI,Silver,2022-07-18
700218,Rohan Gupta,DXB,Blue,2022-06-11
700219,Priya Iyer,BOM,Silver,2021-01-30
700220,Anjali Sharma,PNQ,Gold,2021-08-17
700221,Arjun Naidu,DEL,Blue,2024-05-21
700222,Rahul Das,HYD,Blue,2021-12-24
700223,Dev Mehta,FRA,Gold,2024-04-26
700224,Priya Ghosh,HKG,Blue,2021-11-06
700225,Saanvi Bose 225,DOH,Blue,2024-09-11
700226,Vivaan Pillai,AUH,Gold,2023-07-04
700227,Riya Rao,CMB,Blue,2023-01-28
700228,Harsh Kapoor,AMD,Blue,2021-12-26
700229,Aman Gupta,CDG,Silver,2022-06-20
700230,Riya Sharma 230,AUH,Blue,2024-12-06
700231,Nisha Bose,BOM,Blue,2022-04-29
700232,Rahul Mehta,DEL,Blue,2023-09-21
700233,Aditya Mehta,LHR,Blue,2022-01-06
700234,Kavya Shetty,GOI,Silver,2023-12-17
700235,Lakshmi Bose,COK,Blue,2021-03-09
700236,Aisha Singh,DOH,Blue,2022-12-04
700237,Diya Reddy 237,MAA,Blue,2021-06-22
700238,Tara Iyer 238,DXB,Silver,2021-10-25
700239,Aryan Mehta 239,KTM,Blue,2024-05-04
700240,Vivaan Reddy,LHR,Blue,2021-11-12
700241,Shreya Das,SIN,Gold,2023-10-13
700242,Kavya Naidu,BLR,Silver,2023-04-26
700243,Pooja Das,BLR,Blue,2023-02-24
700244,Shreya Chopra,LHR,Blue,2022-05-03
700245,Kabir Bose 245,FRA,Blue,2024-09-15
700246,Ritu Rao 246,PNQ,Blue,2023-06-21
700247,Tara Verma,FRA,Gold,2024-07-29
700248,Manish Sharma,DEL,Blue,2021-12-09
700249,Varun Bhat,KTM,Blue,2022-03-08
700250,Nisha Kapoor,SIN,Silver,2024-03-29
700251,Manish Patel,HKG,Blue,2022-12-08
700252,Rahul Desai,BLR,Silver,2021-04-22
700253,Pooja Malhotra,FRA,Blue,2024-08-08
700254,Kabir Naidu,LHR,Silver,2022-06-26
700255,Aman Chopra,GOI,Blue,2021-08-26
700256,Aman Malhotra,HKG,Blue,2021-04-18
700257,Anjali Singh,DXB,Blue,2021-12-10
700258,Vikram Ghosh,PNQ,Platinum,2023-08-09
700259,Sneha Bhat,FRA,Silver,2023-03-28
700260,Meera Rao,DXB,Silver,2023-09-03
700261,Anjali Malhotra 261,HKG,Blue,2022-09-10
700262,Neha Malhotra,LHR,Silver,2023-09-03
700263,Arjun Desai,CCU,Silver,2023-12-27
700264,Ritu Joshi,FRA,Blue,2022-04-24
700265,Vikram Bhat,KUL,Blue,2023-02-17
700266,Aarav Joshi,PNQ,Blue,2024-10-31
700267,Sneha Rao,KTM,Platinum,2024-12-16
700268,Manish Kulkarni,BKK,Gold,2023-03-10
700269,Shreya Shetty,HYD,Blue,2023-08-30
700270,Pooja Menon,HYD,Gold,2022-06-22
700271,Divya Menon,MAA,Silver,2021-10-25
700272,Karan Chopra,MAA,Silver,2023-12-23
700273,Sana Naidu,BOM,Gold,2023-06-10
700274,Priya Malhotra 274,PNQ,Blue,2021-01-25
700275,Ishaan Joshi,COK,Silver,2022-08-15
700276,Lakshmi Malhotra,DOH,Blue,2023-07-09
700277,Ved Singh,GOI,Silver,2023-02-22
700278,Ishaan Gupta 278,CMB,Blue,2024-10-21
700279,Aman Gupta 279,COK,Blue,2022-10-09
700280,Nisha Nair 280,COK,Silver,2023-12-22
700281,Diya Verma,CDG,Blue,2024-10-30
700282,Dev Pillai,HKG,Blue,2021-03-26
700283,Ved Patel 283,CMB,Blue,2021-07-19
700284,Harsh Das,BLR,Blue,2023-12-25
700285,Ritu Rao 285,HKG,Gold,2024-07-29
700286,Neha Pillai,LHR,Blue,2022-12-26
700287,Vikram Gupta,SFO,Blue,2023-06-04
700288,Rohan Shetty 288,HKG,Blue,2024-06-04
700289,Aarav Reddy 289,CDG,Blue,2024-08-28
700290,Manish Gupta,HYD,Blue,2022-07-13
700291,Arjun Ghosh,CDG,Silver,2022-11-18
700292,Varun Menon 292,CCU,Blue,2022-07-08
700293,Ananya Bhat,KTM,Silver,2022-07-01
700294,Dev Reddy,FRA,Blue,2021-07-21
700295,Harsh Nair 295,LHR,Blue,2022-06-07
700296,Harsh Malhotra,CMB,Blue,2024-09-02
700297,Varun Bhat 297,AUH,Blue,2024-04-11
700298,Shreya Singh,SIN,Silver,2023-03-13
700299,Divya Desai,COK,Gold,2023-08-03
700300,Lakshmi Das,AMD,Gold,2024-10-14
700301,Gaurav Menon,DXB,Silver,2022-05-11
700302,Priya Naidu,BKK,Silver,2024-10-08
700303,Sana Menon,JFK,Blue,2024-04-20
700304,Tara Gupta,BLR,Blue,2022-02-04
700305,Yash Chopra,DOH,Blue,2023-12-01
700306,Nikhil Shetty,COK,Blue,2022-11-23
700307,Dev Mehta 307,SFO,Blue,2024-10-19
700308,Divya Patel,PNQ,Gold,2024-11-14
700309,Sneha Gupta,SFO,Silver,2022-01-04
700310,Yash Singh,GOI,Blue,2022-10-04
700311,Pooja Bhat,DEL,Silver,2024-01-27
700312,Ishaan Nair,LHR,Silver,2021-01-22
700313,Rohan Gupta 313,KTM,Silver,2024-10-09
700314,Neha Ghosh,KTM,Silver,2021-01-18
700315,Rohan Ghosh,AUH,Blue,2021-05-20
700316,Karan Patel,BKK,Blue,2021-01-25
700317,Anjali Das,PNQ,Blue,2023-04-23
700318,Rahul Bhat,BOM,Blue,2021-07-20
700319,Harsh Das 319,DOH,Gold,2023-12-12
700320,Ananya Rao,CCU,Blue,2021-08-01
700321,Anjali Bose,DXB,Gold,2024-11-04
700322,Aryan Ghosh,CCU,Blue,2023-07-03
700323,Diya Kulkarni,COK,Blue,2022-12-21
700324,Neha Pillai 324,FRA,Silver,2022-03-26
700325,Aarav Kapoor,PNQ,Silver,2022-08-04
700326,Aman Bose 326,SIN,Silver,2022-05-31
700327,Anjali Bhat,SIN,Blue,2022-01-31
700328,Aisha Desai,AUH,Blue,2021-03-11
700329,Riya Pillai,PNQ,Silver,2021-02-18
700330,Riya Mehta,CMB,Silver,2024-06-22
700331,Manish Pillai,BOM,Blue,2021-07-08
700332,Diya Bose,BLR,Blue,2021-04-27
700333,Rahul Malhotra,LHR,Blue,2024-05-01
700334,Vikram Naidu 334,AUH,Silver,2024-09-06
700335,Priya Menon 335,BLR,Blue,2022-03-21
700336,Meera Desai,CDG,Gold,2024-05-12
700337,Aisha Sharma 337,DXB,Blue,2024-07-30
700338,Vikram Kulkarni,DEL,Blue,2021-09-07
700339,Ritu Malhotra,SFO,Blue,2024-12-21
700340,Diya Patel,MAA,Silver,2021-09-03
700341,Manish Nair,CMB,Silver,2021-06-26
700342,Harsh Iyer,HYD,Blue,2024-05-23
700343,Ananya Mehta,BKK,Silver,2021-09-24
700344,Neha Singh,HYD,Blue,2023-02-09
700345,Karan Menon,SFO,Blue,2024-09-06
700346,Pooja Singh,COK,Silver,2024-08-19
700347,Neha Mehta 347,BKK,Blue,2024-03-05
700348,Anjali Mehta,COK,Blue,2022-01-14
700349,Ishaan Pillai,PNQ,Blue,2021-08-16
700350,Diya Naidu,JFK,Silver,2024-11-25
700351,Aisha Verma 351,HYD,Silver,2022-01-13
700352,Kavya Gupta,AMD,Gold,2022-06-03
700353,Aditya Shetty,GOI,Silver,2022-08-27
700354,Vivaan Sharma 354,CMB,Silver,2023-08-15
700355,Dev Rao 355,CCU,Blue,2024-09-14
700356,Diya Desai,BKK,Silver,2021-06-05
700357,Rohan Gupta 357,CMB,Blue,2024-08-01
700358,Meera Pillai,DEL,Blue,2023-07-18
700359,Kabir Kulkarni 359,AUH,Blue,2022-07-21
700360,Karan Menon 360,HYD,Blue,2023-05-25
700361,Tara Kapoor,CCU,Silver,2024-11-18
700362,Priya Desai,CMB,Silver,2024-09-29
700363,Shreya Naidu,DEL,Silver,2022-10-25
700364,Kabir Iyer,CMB,Blue,2022-06-12
700365,Aman Reddy,FRA,Platinum,2021-11-28
700366,Aryan Sharma,HKG,Blue,2021-06-01
700367,Aman Kulkarni,DXB,Blue,2022-07-22
700368,Neha Bose,HYD,Blue,2021-05-08
700369,Nisha Patel,BOM,Gold,2023-02-23
700370,Aryan Ghosh 370,AMD,Blue,2023-03-07
700371,Dev Reddy 371,KTM,Blue,2022-11-13
700372,Aman Malhotra 372,BLR,Blue,2021-05-04
700373,Shreya Reddy,GOI,Blue,2022-06-13
700374,Ritu Verma,JFK,Blue,2022-06-27
700375,Kavya Bhat,HYD,Blue,2021-12-31
700376,Manish Malhotra,LHR,Platinum,2023-06-22
700377,Siddharth Patel,LHR,Silver,2021-05-23
700378,Lakshmi Shetty,HYD,Blue,2023-10-05
700379,Rahul Sharma 379,HKG,Silver,2022-02-15
700380,Anjali Pillai,HYD,Silver,2024-06-03
700381,Saanvi Das,DOH,Gold,2023-03-16
700382,Siddharth Shetty,DEL,Gold,2022-01-01
700383,Harsh Ghosh,BKK,Silver,2024-08-14
700384,Rohan Das 384,DXB,Blue,2023-10-05
700385,Arjun Naidu 385,KTM,Blue,2021-08-11
700386,Varun Shetty,BKK,Silver,2021-10-22
700387,Yash Desai,HYD,Gold,2024-01-13
700388,Aisha Pillai,AMD,Blue,2023-06-03
700389,Harsh Das 389,CMB,Blue,2022-03-24
700390,Aryan Mehta 390,CDG,Silver,2024-06-11
700391,Pooja Gupta 391,BLR,Blue,2024-08-10
700392,Ishaan Mehta,BLR,Blue,2021-08-06
700393,Divya Gupta,LHR,Blue,2023-06-24
700394,Harsh Kulkarni,KUL,Blue,2022-06-15
700395,Ved Malhotra,AMD,Blue,2021-07-31
700396,Neha Singh 396,HKG,Blue,2021-03-13
700397,Diya Pillai,GOI,Blue,2021-05-30
700398,Pooja Iyer,HYD,Platinum,2021-05-25
700399,Nikhil Rao 399,COK,Silver,2024-03-16
700400,Kavya Mehta,BLR,Blue,2022-05-29
700401,Rahul Mehta 401,SIN,Blue,2023-07-03
700402,Shreya Ghosh,KUL,Silver,2021-02-08
700403,Yash Bhat,KUL,Blue,2023-10-17
700404,Aarav Chopra,LHR,Silver,2021-11-01
700405,Nisha Patel 405,CMB,Blue,2024-08-30
700406,Dev Naidu 406,CDG,Blue,2024-08-04
700407,Anjali Pillai 407,BKK,Blue,2021-01-02
700408,Gaurav Gupta 408,GOI,Gold,2021-03-19
700409,Sana Shetty,DOH,Gold,2024-09-23
700410,Nikhil Menon,DOH,Blue,2023-03-11
700411,Diya Patel 411,KTM,Platinum,2022-06-30
700412,Sneha Gupta 412,GOI,Blue,2021-11-07
700413,Vikram Ghosh 413,BOM,Silver,2024-12-04
700414,Dev Joshi,JFK,Blue,2022-11-07
700415,Aryan Kapoor,SFO,Gold,2023-03-13
700416,Sana Bhat 416,AUH,Silver,2024-03-22
700417,Varun Kapoor,BLR,Blue,2021-01-08
700418,Manish Naidu,AUH,Blue,2023-11-22
700419,Gaurav Singh,KUL,Blue,2024-12-20
700420,Kavya Ghosh,DOH,Blue,2023-10-02
700421,Harsh Mehta,HKG,Blue,2023-09-07
700422,Aman Mehta,HKG,Gold,2023-06-13
700423,Riya Reddy,SFO,Gold,2023-04-08
700424,Nisha Singh,HYD,Platinum,2021-05-24
700425,Kabir Naidu 425,CDG,Gold,2024-01-12
700426,Aisha Ghosh 426,SIN,Gold,2022-04-08
700427,Arjun Rao,PNQ,Silver,2021-01-07
700428,Karan Naidu,CMB,Silver,2023-02-27
700429,Sana Mehta,LHR,Platinum,2024-11-12
700430,Aryan Chopra,SFO,Silver,2023-09-15
700431,Shreya Joshi,LHR,Silver,2021-09-06
700432,Saanvi Rao,DEL,Silver,2024-03-07
700433,Sneha Gupta 433,BOM,Platinum,2024-01-02
700434,Siddharth Iyer 434,COK,Blue,2023-01-06
700435,Aman Sharma,DEL,Blue,2022-11-14
700436,Aisha Nair 436,BOM,Silver,2024-10-28
700437,Yash Verma,LHR,Blue,2022-09-13
700438,Ananya Bhat 438,DOH,Blue,2023-04-01
700439,Sneha Ghosh,BKK,Blue,2021-04-24
700440,Meera Shetty,DOH,Silver,2024-07-18
700441,Nikhil Reddy,AMD,Platinum,2024-08-18
700442,Aarav Kulkarni,CMB,Silver,2021-07-05
700443,Sneha Pillai,BOM,Blue,2023-01-19
700444,Sana Menon 444,DOH,Blue,2023-12-31
700445,Rahul Iyer,KUL,Platinum,2022-11-28
700446,Ananya Mehta 446,COK,Blue,2021-06-14
700447,Sana Reddy,GOI,Blue,2023-07-31
700448,Aditya Bose 448,DOH,Gold,2022-08-17
700449,Nikhil Patel 449,MAA,Blue,2024-08-19
700450,Ritu Shetty,FRA,Blue,2022-02-20
700451,Ananya Nair,DOH,Silver,2021-12-28
700452,Rohan Kulkarni,AMD,Gold,2024-02-10
700453,Aman Patel,BKK,Blue,2021-03-22
700454,Dev Reddy 454,CDG,Gold,2023-02-26
700455,Gaurav Das 455,CMB,Blue,2024-09-15
700456,Shreya Desai,BOM,Blue,2022-01-27
700457,Ved Gupta,CMB,Gold,2022-09-05
700458,Varun Bose,KTM,Blue,2024-11-26
700459,Divya Menon 459,CDG,Gold,2023-03-10
700460,Aman Kulkarni 460,BOM,Silver,2021-08-07
700461,Manish Joshi,BLR,Gold,2024-07-15
700462,Ritu Desai,DXB,Blue,2024-11-11
700463,Ananya Desai,DXB,Blue,2023-01-06
700464,Saanvi Rao 464,KUL,Silver,2023-09-24
700465,Karan Mehta,GOI,Gold,2021-06-23
700466,Ishaan Iyer 466,KTM,Blue,2024-07-19
700467,Dev Iyer 467,KTM,Blue,2023-06-16
700468,Gaurav Patel,BLR,Blue,2022-01-24
700469,Priya Sharma,CMB,Silver,2021-10-14
700470,Anjali Menon,CMB,Blue,2021-03-15
700471,Shreya Pillai,HYD,Blue,2022-01-31
700472,Sneha Verma,SFO,Gold,2021-02-21
700473,Riya Joshi 473,DOH,Silver,2024-04-29
700474,Sneha Ghosh 474,LHR,Silver,2022-05-04
700475,Harsh Patel,KTM,Silver,2023-09-29
700476,Riya Mehta 476,MAA,Silver,2023-03-08
700477,Aryan Malhotra,HYD,Blue,2021-05-10
700478,Nisha Das,LHR,Blue,2024-01-13
700479,Kabir Bhat,COK,Blue,2024-08-10
700480,Riya Shetty,JFK,Silver,2022-09-23
700481,Rohan Mehta,LHR,Blue,2023-10-21
700482,Rohan Patel,DEL,Platinum,2023-12-30
700483,Ananya Iyer 483,FRA,Gold,2023-07-10
700484,Aman Desai 484,COK,Gold,2021-02-03
700485,Ritu Joshi 485,BOM,Blue,2021-03-17
700486,Divya Reddy,KTM,Platinum,2022-11-26
700487,Harsh Ghosh 487,SIN,Gold,2021-04-25
700488,Aman Ghosh,BOM,Blue,2022-11-23
700489,Vikram Mehta,DXB,Blue,2021-03-29
700490,Lakshmi Bhat,PNQ,Silver,2023-04-11
700491,Nikhil Menon 491,AUH,Blue,2021-08-31
700492,Ishaan Desai,SIN,Silver,2022-03-10
700493,Vivaan Das,PNQ,Blue,2024-09-01
700494,Pooja Desai,COK,Blue,2024-09-28
700495,Tara Sharma,BLR,Blue,2023-12-08
700496,Ishaan Gupta 496,SIN,Blue,2023-07-28
700497,Ritu Kulkarni 497,KTM,Silver,2024-10-20
700498,Diya Malhotra,CCU,Blue,2024-01-04
700499,Yash Kulkarni,DOH,Platinum,2021-11-02
700500,Vivaan Iyer,BOM,Silver,2024-04-01
700501,Sana Chopra 501,CDG,Blue,2022-04-23
700502,Divya Mehta,CCU,Silver,2021-05-28
700503,Arjun Kulkarni,AUH,Blue,2021-03-17
700504,Manish Shetty,AMD,Blue,2021-10-17
700505,Nikhil Patel 505,HYD,Silver,2023-09-29
700506,Sana Kapoor,SFO,Blue,2024-09-01
700507,Anjali Singh 507,CDG,Silver,2021-02-09
700508,Pooja Malhotra 508,SIN,Blue,2023-08-24
700509,Saanvi Iyer,JFK,Blue,2024-06-20
700510,Rahul Das 510,KTM,Blue,2021-04-04
700511,Nikhil Joshi,DXB,Blue,2022-05-13
700512,Vikram Bhat 512,GOI,Silver,2024-12-07
700513,Vivaan Menon,AMD,Blue,2024-08-21
700514,Ishaan Singh,KTM,Blue,2021-09-25
700515,Tara Singh,COK,Blue,2021-01-30
700516,Kabir Bose 516,BOM,Silver,2021-12-19
700517,Lakshmi Sharma,PNQ,Blue,2024-07-19
700518,Aisha Menon,DOH,Gold,2021-04-13
700519,Anjali Verma,JFK,Blue,2022-09-22
700520,Nisha Chopra,MAA,Blue,2021-07-19
700521,Siddharth Desai,FRA,Blue,2023-07-24
700522,Nikhil Shetty 522,HKG,Silver,2024-06-05
700523,Divya Verma,SFO,Blue,2021-12-16
700524,Karan Mehta 524,BOM,Blue,2024-04-25
700525,Gaurav Nair 525,AUH,Blue,2021-05-11
700526,Sneha Menon,COK,Blue,2021-08-06
700527,Nikhil Reddy 527,CDG,Blue,2021-08-22
700528,Diya Shetty,GOI,Blue,2023-10-16
700529,Shreya Gupta,SIN,Blue,2024-05-03
700530,Priya Joshi,DEL,Platinum,2024-06-14
700531,Gaurav Sharma,MAA,Blue,2022-03-28
700532,Gaurav Das 532,SIN,Gold,2021-05-10
700533,Ishaan Gupta 533,GOI,Blue,2022-02-20
700534,Kabir Menon,KUL,Blue,2023-05-23
700535,Kabir Shetty,AUH,Platinum,2022-11-22
700536,Rohan Pillai,KUL,Gold,2024-10-21
700537,Sneha Chopra,AUH,Blue,2023-04-04
700538,Yash Das,LHR,Silver,2022-10-27
700539,Sana Pillai,MAA,Silver,2021-09-05
700540,Dev Menon,JFK,Blue,2024-11-02
700541,Gaurav Nair 541,LHR,Silver,2024-03-25
700542,Neha Rao,CCU,Silver,2024-01-23
700543,Shreya Chopra 543,DEL,Blue,2021-10-09
700544,Meera Patel,AMD,Silver,2022-10-21
700545,Yash Das 545,CCU,Blue,2022-03-13
700546,Rahul Chopra,PNQ,Gold,2021-04-04
700547,Yash Sharma,CDG,Blue,2024-04-29
700548,Sneha Naidu,JFK,Silver,2021-12-22
700549,Aman Kulkarni 549,SFO,Blue,2022-11-19
700550,Aryan Malhotra 550,DEL,Blue,2021-05-10
700551,Nikhil Nair 551,BKK,Blue,2021-09-05
700552,Divya Bhat 552,CDG,Silver,2022-07-15
700553,Sana Kapoor 553,KTM,Gold,2021-10-17
700554,Rahul Bhat 554,BLR,Blue,2023-05-01
700555,Aisha Bose,DOH,Blue,2021-12-11
700556,Harsh Singh,CCU,Blue,2024-11-27
700557,Nisha Ghosh 557,AUH,Gold,2023-01-28
700558,Dev Kulkarni 558,BOM,Platinum,2024-02-08
700559,Neha Gupta,HKG,Blue,2021-12-04
700560,Anjali Verma 560,KTM,Silver,2023-06-18
700561,Pooja Naidu,BLR,Silver,2022-05-14
700562,Sana Ghosh,SFO,Blue,2024-04-06
700563,Neha Bose 563,JFK,Silver,2021-03-25
700564,Rohan Pillai 564,DOH,Blue,2021-10-01
700565,Vivaan Nair,CMB,Silver,2021-07-24
700566,Lakshmi Kulkarni,PNQ,Blue,2024-07-18
700567,Rahul Reddy 567,HKG,Silver,2024-06-08
700568,Divya Reddy 568,BLR,Gold,2023-02-10
700569,Varun Menon 569,BLR,Blue,2021-11-20
700570,Aarav Naidu 570,HYD,Blue,2021-02-02
700571,Rohan Das 571,FRA,Silver,2023-09-25
700572,Rohan Patel 572,BOM,Blue,2021-06-15
700573,Sana Mehta 573,SIN,Blue,2021-01-14
700574,Rahul Desai 574,DXB,Gold,2021-01-15
700575,Vikram Shetty,HKG,Blue,2022-01-03
700576,Ishaan Singh 576,CCU,Silver,2021-07-02
700577,Aisha Bose 577,COK,Silver,2024-12-18
700578,Pooja Shetty,GOI,Gold,2024-08-27
700579,Nikhil Bhat,FRA,Blue,2024-04-30
700580,Vivaan Desai,CMB,Blue,2022-08-05
700581,Aditya Gupta 581,KTM,Blue,2023-05-03
700582,Sneha Gupta 582,GOI,Blue,2024-11-21
700583,Ishaan Das,COK,Blue,2023-09-02
700584,Saanvi Shetty 584,BOM,Blue,2024-11-18
700585,Saanvi Menon,MAA,Silver,2021-09-17
700586,Priya Ghosh 586,LHR,Blue,2022-02-27
700587,Aman Sharma 587,KUL,Blue,2021-10-21
700588,Vivaan Singh,HYD,Gold,2024-08-03
700589,Ananya Joshi,HYD,Blue,2022-07-09
700590,Kavya Kapoor 590,AUH,Silver,2023-12-08
700591,Manish Nair 591,AMD,Platinum,2023-07-12
700592,Dev Chopra,DOH,Blue,2023-04-24
700593,Anjali Kulkarni,HKG,Blue,2022-05-05
700594,Arjun Iyer,MAA,Blue,2021-12-24
700595,Arjun Patel,GOI,Silver,2024-06-04
700596,Ved Bose,COK,Silver,2024-11-17
700597,Ved Malhotra 597,BLR,Gold,2021-03-19
700598,Dev Pillai 598,HYD,Silver,2024-05-06
700599,Aryan Nair,CMB,Blue,2022-01-04
700600,Riya Menon 600,FRA,Blue,2023-10-21
700601,Tara Menon,CMB,Blue,2024-06-07
700602,Tara Malhotra,DEL,Blue,2021-06-30
700603,Aarav Menon 603,CDG,Gold,2024-07-08
700604,Sneha Malhotra,GOI,Blue,2022-09-09
700605,Aisha Iyer,BLR,Blue,2022-12-14
700606,Aditya Menon,CCU,Blue,2023-05-08
700607,Kavya Kulkarni,PNQ,Silver,2021-01-10
700608,Aman Shetty 608,DOH,Blue,2024-02-17
700609,Manish Ghosh 609,CMB,Blue,2022-04-28
700610,Tara Menon 610,COK,Blue,2022-01-29
700611,Aman Rao,HKG,Silver,2021-08-29
700612,Neha Pillai 612,DEL,Gold,2023-12-22
700613,Saanvi Gupta,AMD,Blue,2021-07-15
700614,Neha Kulkarni,DXB,Blue,2024-06-21
700615,Kavya Kulkarni 615,KTM,Blue,2023-01-12
700616,Sneha Ghosh 616,CCU,Silver,2024-01-11
700617,Sneha Sharma,AUH,Blue,2023-11-06
700618,Vikram Mehta 618,FRA,Gold,2022-03-26
700619,Aarav Kulkarni 619,HYD,Blue,2023-08-09
700620,Ananya Desai 620,DEL,Silver,2024-07-06
700621,Nikhil Joshi 621,FRA,Gold,2024-09-12
700622,Riya Desai,HKG,Blue,2022-03-03
700623,Kavya Gupta 623,HYD,Blue,2022-07-21
700624,Nisha Desai,FRA,Platinum,2021-04-19
700625,Tara Malhotra 625,PNQ,Blue,2022-02-01
700626,Meera Shetty 626,BKK,Blue,2021-08-19
700627,Saanvi Shetty 627,BKK,Blue,2021-11-02
700628,Vivaan Joshi,SIN,Platinum,2024-11-04
700629,Divya Verma 629,COK,Silver,2023-08-30
700630,Aryan Kapoor 630,FRA,Blue,2023-10-16
700631,Meera Patel 631,DEL,Silver,2021-12-28
700632,Sneha Singh,BOM,Silver,2021-11-24
700633,Anjali Iyer,JFK,Silver,2024-10-04
700634,Nisha Nair 634,DXB,Silver,2021-03-30
700635,Aisha Kapoor,HYD,Blue,2021-04-21
700636,Varun Chopra,JFK,Silver,2024-08-13
700637,Yash Iyer,FRA,Blue,2023-01-16
700638,Tara Pillai,GOI,Blue,2022-08-07
700639,Sneha Naidu 639,BOM,Blue,2022-03-06
700640,Rahul Reddy 640,AUH,Gold,2023-06-10
700641,Harsh Patel 641,MAA,Blue,2022-05-30
700642,Rohan Gupta 642,SIN,Blue,2022-11-16
700643,Vikram Bhat 643,FRA,Blue,2024-06-17
700644,Siddharth Patel 644,AMD,Blue,2023-07-18
700645,Vikram Sharma,DEL,Blue,2021-03-30
700646,Tara Bhat 646,CMB,Gold,2021-08-02
700647,Kabir Menon 647,MAA,Gold,2021-04-18
700648,Siddharth Malhotra,CCU,Blue,2024-01-06
700649,Tara Kulkarni,MAA,Blue,2021-12-27
700650,Neha Shetty,COK,Blue,2021-11-20
700651,Siddharth Reddy,JFK,Gold,2021-03-01
700652,Riya Pillai 652,DEL,Gold,2023-09-21
700653,Diya Desai 653,KUL,Blue,2023-11-21
700654,Gaurav Singh 654,CCU,Blue,2021-08-26
700655,Ved Gupta 655,GOI,Blue,2021-05-26
700656,Aditya Shetty 656,AMD,Blue,2022-04-27
700657,Harsh Ghosh 657,SIN,Blue,2023-06-30
700658,Aman Shetty 658,BOM,Blue,2024-04-28
700659,Anjali Reddy,COK,Blue,2024-04-02
700660,Meera Verma 660,HYD,Blue,2022-10-30
700661,Vivaan Joshi 661,MAA,Silver,2023-05-09
700662,Nikhil Reddy 662,JFK,Blue,2022-02-12
700663,Saanvi Gupta 663,DOH,Blue,2024-10-18
700664,Aisha Nair 664,BKK,Silver,2022-10-30
700665,Neha Menon,FRA,Blue,2022-04-17
700666,Siddharth Malhotra 666,FRA,Blue,2021-08-14
700667,Aisha Das 667,HKG,Blue,2022-10-30
700668,Aryan Naidu 668,LHR,Blue,2022-04-12
700669,Rohan Das 669,PNQ,Blue,2021-07-20
700670,Saanvi Pillai,SIN,Silver,2022-05-01
700671,Ved Das,AUH,Gold,2023-04-25
700672,Yash Verma 672,JFK,Gold,2022-02-14
700673,Siddharth Rao,DOH,Silver,2023-02-09
700674,Divya Menon 674,AMD,Blue,2022-03-28
700675,Dev Kapoor,MAA,Silver,2021-05-31
700676,Saanvi Malhotra 676,GOI,Gold,2023-08-23
700677,Siddharth Bhat,CCU,Blue,2024-04-13
700678,Kavya Verma,JFK,Gold,2023-09-20
700679,Vikram Mehta 679,LHR,Blue,2021-04-22
700680,Nisha Reddy 680,BOM,Blue,2023-06-12
700681,Harsh Patel 681,HKG,Silver,2021-10-24
700682,Karan Shetty,DOH,Silver,2022-03-19
700683,Shreya Sharma 683,LHR,Blue,2024-06-02
700684,Ananya Singh,HKG,Silver,2023-07-21
700685,Dev Nair,HKG,Blue,2021-12-31
700686,Ritu Rao 686,BLR,Blue,2023-03-05
700687,Aditya Bhat,BKK,Blue,2023-02-04
700688,Karan Kulkarni 688,COK,Blue,2021-10-07
700689,Karan Gupta,FRA,Blue,2023-07-27
700690,Rahul Nair 690,SFO,Blue,2022-02-02
700691,Shreya Sharma 691,BOM,Blue,2024-07-18
700692,Yash Nair 692,HKG,Silver,2023-01-05
700693,Meera Bhat,CCU,Silver,2022-07-07
700694,Tara Iyer 694,CDG,Blue,2022-02-19
700695,Kabir Malhotra 695,FRA,Blue,2022-11-19
700696,Diya Nair,PNQ,Blue,2021-09-18
700697,Aarav Kapoor 697,CDG,Blue,2021-03-07
700698,Dev Kulkarni 698,CDG,Blue,2024-11-18
700699,Pooja Sharma,MAA,Silver,2024-03-10
700700,Arjun Mehta,KUL,Platinum,2021-05-03
700701,Ananya Nair 701,FRA,Blue,2022-07-29
700702,Anjali Chopra,CMB,Silver,2021-10-07
700703,Kabir Naidu 703,JFK,Blue,2021-08-16
700704,Aditya Pillai,DEL,Gold,2023-08-12
700705,Divya Kapoor,CMB,Platinum,2023-07-29
700706,Lakshmi Kulkarni 706,SFO,Blue,2023-05-07
700707,Saanvi Menon 707,SIN,Silver,2021-12-17
700708,Lakshmi Gupta 708,SIN,Blue,2022-12-05
700709,Ved Verma,MAA,Blue,2022-03-27
700710,Varun Joshi,HKG,Blue,2022-08-28
700711,Harsh Shetty,JFK,Gold,2024-05-21
700712,Diya Verma 712,AUH,Gold,2021-11-18
700713,Sana Bose,GOI,Gold,2024-07-30
700714,Manish Malhotra 714,AUH,Blue,2024-06-06
700715,Saanvi Pillai 715,BLR,Silver,2021-12-15
700716,Divya Patel 716,CCU,Blue,2024-03-29
700717,Ishaan Singh 717,CCU,Silver,2024-02-07
700718,Shreya Nair,DOH,Blue,2022-04-16
700719,Aditya Nair,DEL,Silver,2021-06-27
700720,Yash Desai 720,SFO,Blue,2023-04-24
700721,Aryan Bhat 721,MAA,Blue,2023-12-05
700722,Pooja Bose 722,HYD,Silver,2023-09-29
700723,Shreya Chopra 723,KTM,Blue,2022-03-20
700724,Sneha Menon 724,SFO,Platinum,2024-04-26
700725,Lakshmi Desai 725,CDG,Blue,2023-08-28
700726,Manish Reddy,GOI,Silver,2023-08-06
700727,Kabir Shetty 727,DEL,Blue,2022-07-26
700728,Gaurav Naidu,KUL,Blue,2021-01-30
700729,Karan Das,SFO,Silver,2023-05-27
700730,Divya Gupta 730,LHR,Blue,2022-05-21
700731,Anjali Singh 731,CDG,Gold,2022-05-23
700732,Harsh Bose 732,CDG,Blue,2022-11-02
700733,Anjali Naidu,HKG,Blue,2023-06-09
700734,Saanvi Singh,PNQ,Silver,2024-04-01
700735,Manish Singh 735,SFO,Blue,2022-04-01
700736,Tara Kapoor 736,AMD,Gold,2024-04-26
700737,Rohan Malhotra,BLR,Gold,2021-11-02
700738,Sana Patel,GOI,Blue,2024-03-20
700739,Ishaan Patel 739,HYD,Blue,2021-01-11
700740,Ishaan Das 740,HYD,Silver,2023-05-06
700741,Saanvi Naidu 741,SFO,Blue,2021-04-01
700742,Siddharth Nair,FRA,Blue,2021-03-24
700743,Gaurav Verma,HKG,Blue,2023-08-22
700744,Aryan Bhat 744,BKK,Blue,2023-10-30
700745,Gaurav Singh 745,MAA,Silver,2021-03-10
700746,Kabir Das,HKG,Blue,2023-05-22
700747,Kavya Malhotra,CMB,Blue,2023-12-24
700748,Manish Naidu 748,SFO,Silver,2023-03-19
700749,Ananya Joshi 749,LHR,Blue,2023-09-09
700750,Shreya Joshi 750,CCU,Silver,2024-11-27
700751,Kavya Reddy,KUL,Blue,2021-07-20
700752,Ritu Chopra,MAA,Blue,2023-07-16
700753,Karan Nair,GOI,Blue,2023-10-12
700754,Sana Gupta 754,CMB,Blue,2022-05-08
700755,Saanvi Kapoor 755,HYD,Silver,2021-06-20
700756,Gaurav Kapoor,KTM,Gold,2024-02-18
700757,Kabir Mehta,SFO,Platinum,2021-01-26
700758,Ritu Gupta,SFO,Silver,2024-11-20
700759,Manish Bhat 759,AMD,Blue,2023-04-13
700760,Ved Desai,HKG,Silver,2022-03-23
700761,Gaurav Sharma 761,HKG,Silver,2021-09-29
700762,Shreya Malhotra,DEL,Silver,2023-01-05
700763,Yash Sharma 763,KUL,Blue,2022-08-29
700764,Arjun Mehta 764,SFO,Blue,2022-05-05
700765,Aman Singh,HKG,Platinum,2024-08-19
700766,Kavya Sharma,CCU,Silver,2021-07-05
700767,Arjun Nair,SIN,Silver,2021-02-02
700768,Ritu Malhotra 768,SFO,Gold,2023-09-10
700769,Vikram Patel,HYD,Blue,2024-10-02
700770,Rohan Naidu,KTM,Blue,2022-09-17
700771,Diya Patel 771,CCU,Silver,2021-11-28
700772,Varun Rao,HKG,Blue,2024-12-11
700773,Neha Das,MAA,Blue,2023-07-30
700774,Harsh Singh 774,JFK,Gold,2024-03-14
700775,Priya Kapoor,BLR,Blue,2024-04-10
700776,Aman Naidu,KTM,Blue,2021-02-19
700777,Pooja Kulkarni,BKK,Blue,2023-07-21
700778,Shreya Patel,JFK,Silver,2023-08-08
700779,Ananya Nair 779,DXB,Blue,2021-10-11
700780,Priya Desai 780,COK,Blue,2024-12-11
700781,Ananya Malhotra 781,CCU,Blue,2023-04-11
700782,Ishaan Mehta 782,BOM,Silver,2022-01-14
700783,Divya Malhotra,COK,Blue,2023-01-29
700784,Manish Pillai 784,BLR,Gold,2024-07-07
700785,Shreya Menon,DEL,Gold,2023-08-09
700786,Anjali Mehta 786,AMD,Silver,2024-12-12
700787,Karan Chopra 787,KTM,Blue,2024-07-21
700788,Kabir Kapoor,HKG,Blue,2021-01-03
700789,Manish Reddy 789,JFK,Blue,2024-07-08
700790,Sneha Malhotra 790,AUH,Blue,2021-05-25
700791,Aryan Pillai,AMD,Blue,2023-02-28
700792,Varun Malhotra,SIN,Blue,2024-11-15
700793,Aman Verma,BLR,Silver,2022-11-13
700794,Riya Bose,AUH,Blue,2023-12-24
700795,Shreya Verma 795,CDG,Blue,2021-03-08
700796,Aarav Rao,BKK,Blue,2022-08-31
700797,Aman Rao 797,CMB,Gold,2023-05-23
700798,Meera Mehta,HYD,Silver,2022-07-07
700799,Sneha Singh 799,BOM,Blue,2024-11-30
700800,Kabir Sharma 800,CDG,Silver,2024-06-08
700801,Nikhil Naidu,GOI,Silver,2024-01-16
700802,Manish Iyer 802,GOI,Blue,2024-03-24
700803,Meera Bose,SFO,Blue,2022-03-01
700804,Aisha Ghosh 804,BOM,Blue,2024-11-03
700805,Riya Chopra 805,MAA,Blue,2021-06-15
700806,Gaurav Malhotra 806,AMD,Silver,2024-06-24
700807,Kavya Patel,KTM,Silver,2022-11-19
700808,Vikram Naidu 808,SIN,Blue,2021-04-23
700809,Vivaan Das 809,JFK,Silver,2023-11-21
700810,Diya Menon,BLR,Blue,2024-10-13
700811,Aditya Singh,KUL,Blue,2023-01-16
700812,Ritu Das,KUL,Blue,2021-04-16
700813,Ritu Bose,AUH,Gold,2021-08-16
700814,Anjali Joshi,DEL,Blue,2023-02-24
700815,Kabir Bose 815,SFO,Gold,2023-01-19
700816,Diya Singh,HYD,Blue,2023-08-12
700817,Priya Desai 817,JFK,Blue,2024-06-21
700818,Harsh Ghosh 818,HYD,Blue,2021-03-25
700819,Siddharth Patel 819,BLR,Silver,2023-01-19
700820,Manish Reddy 820,MAA,Gold,2023-01-21
700821,Dev Das,MAA,Silver,2021-12-25
700822,Aryan Bose 822,CMB,Blue,2024-08-20
700823,Varun Patel,KTM,Silver,2024-02-19
700824,Vikram Joshi,KTM,Blue,2024-12-14
700825,Rahul Gupta,COK,Blue,2021-05-18
700826,Rahul Iyer 826,COK,Silver,2024-02-23
700827,Aditya Chopra,CCU,Blue,2024-12-23
700828,Kabir Chopra,BOM,Gold,2022-02-24
700829,Lakshmi Rao,SIN,Blue,2021-10-11
700830,Kavya Kapoor 830,CDG,Blue,2022-11-17
700831,Rohan Gupta 831,HYD,Gold,2022-05-04
700832,Saanvi Nair 832,PNQ,Blue,2024-01-11
700833,Tara Rao 833,DXB,Gold,2021-08-21
700834,Arjun Desai 834,GOI,Blue,2024-08-22
700835,Rohan Shetty 835,BKK,Silver,2023-09-07
700836,Aditya Iyer,KUL,Gold,2024-04-03
700837,Nikhil Menon 837,MAA,Blue,2024-12-10
700838,Ritu Kulkarni 838,DEL,Blue,2022-03-06
700839,Divya Malhotra 839,MAA,Silver,2022-04-07
700840,Ritu Shetty 840,GOI,Gold,2022-10-19
700841,Ved Singh 841,BOM,Blue,2022-12-24
700842,Pooja Nair,CDG,Blue,2022-07-02
700843,Divya Patel 843,GOI,Blue,2023-10-29
700844,Sana Menon 844,AMD,Blue,2024-10-25
700845,Aman Mehta 845,AUH,Gold,2023-05-17
700846,Aryan Verma,BKK,Platinum,2022-07-22
700847,Kavya Chopra,BLR,Blue,2021-04-22
700848,Aditya Joshi,SIN,Silver,2021-05-10
700849,Harsh Menon,MAA,Blue,2023-02-03
700850,Vivaan Verma,JFK,Blue,2022-12-09
700851,Siddharth Joshi 851,PNQ,Blue,2023-07-16
700852,Aditya Shetty 852,DXB,Blue,2023-09-23
700853,Ishaan Desai 853,COK,Silver,2023-10-24
700854,Shreya Chopra 854,AUH,Blue,2023-12-15
700855,Neha Menon 855,CCU,Silver,2021-09-09
700856,Aryan Bhat 856,COK,Blue,2023-08-21
700857,Vivaan Menon 857,BOM,Blue,2024-12-24
700858,Ritu Shetty 858,LHR,Silver,2023-12-26
700859,Nisha Singh 859,CMB,Blue,2024-10-21
700860,Shreya Pillai 860,BLR,Blue,2023-12-28
700861,Lakshmi Nair,PNQ,Silver,2022-08-22
700862,Ananya Menon,DOH,Gold,2023-07-15
700863,Saanvi Singh 863,HKG,Blue,2024-06-25
700864,Ishaan Chopra,KUL,Blue,2023-01-24
700865,Arjun Verma,SIN,Blue,2024-10-10
700866,Dev Ghosh,CDG,Blue,2024-11-20
700867,Divya Menon 867,FRA,Blue,2021-05-15
700868,Varun Chopra 868,DXB,Platinum,2022-01-21
700869,Ved Iyer,DOH,Blue,2023-07-27
700870,Siddharth Kapoor 870,CDG,Blue,2021-06-28
700871,Sneha Bose,AUH,Blue,2021-06-14
700872,Anjali Singh 872,JFK,Platinum,2023-03-12
700873,Shreya Verma 873,AUH,Blue,2022-01-02
700874,Rahul Patel 874,BOM,Blue,2022-08-14
700875,Rahul Reddy 875,JFK,Silver,2021-06-07
700876,Gaurav Malhotra 876,KTM,Blue,2021-08-12
700877,Neha Joshi,DOH,Silver,2021-12-04
700878,Tara Naidu 878,JFK,Silver,2022-07-20
700879,Shreya Nair 879,FRA,Silver,2021-08-18
700880,Rahul Patel 880,CMB,Blue,2024-11-28
700881,Aryan Malhotra 881,KUL,Silver,2021-10-31
700882,Rohan Kapoor,BLR,Gold,2023-10-14
700883,Aman Shetty 883,LHR,Blue,2021-11-05
700884,Vikram Nair,MAA,Platinum,2022-02-23
700885,Shreya Ghosh 885,HKG,Blue,2023-12-03
700886,Ishaan Joshi 886,HKG,Blue,2024-07-08
700887,Gaurav Bose,FRA,Silver,2021-02-16
700888,Rahul Nair 888,HYD,Platinum,2022-08-24
700889,Varun Patel 889,DXB,Silver,2023-05-04
700890,Manish Chopra,HKG,Blue,2024-10-29
700891,Siddharth Sharma,DXB,Platinum,2024-01-14
700892,Siddharth Joshi 892,HKG,Blue,2021-09-28
700893,Arjun Rao 893,BKK,Blue,2023-08-29
700894,Rahul Pillai,CDG,Blue,2022-12-12
700895,Nisha Gupta,COK,Gold,2023-05-11
700896,Meera Nair,JFK,Blue,2023-06-29
700897,Aditya Joshi 897,JFK,Gold,2024-08-13
700898,Saanvi Chopra,BOM,Silver,2021-02-13
700899,Aisha Naidu 899,AMD,Blue,2022-08-21
700900,Varun Verma,AMD,Silver,2022-01-23
700901,Rahul Desai 901,GOI,Silver,2021-05-09
700902,Meera Desai 902,COK,Gold,2021-02-15
700903,Neha Nair,DXB,Blue,2022-04-21
700904,Priya Iyer 904,CDG,Blue,2023-12-01
700905,Ved Iyer 905,LHR,Blue,2024-08-13
700906,Divya Verma 906,KUL,Blue,2022-11-19
700907,Anjali Kapoor,DOH,Blue,2023-04-24
700908,Dev Menon 908,DXB,Silver,2024-03-31
700909,Ved Joshi,AMD,Blue,2022-12-04
700910,Divya Gupta 910,HYD,Gold,2024-09-04
700911,Aisha Gupta,KUL,Blue,2024-08-16
700912,Aman Pillai,LHR,Blue,2022-10-31
700913,Nisha Kapoor 913,SFO,Gold,2023-09-23
700914,Ritu Menon,SFO,Silver,2024-04-30
700915,Harsh Joshi 915,SIN,Silver,2024-09-25
700916,Neha Chopra,BLR,Silver,2024-11-28
700917,Varun Das,COK,Blue,2023-12-22
700918,Priya Rao,DOH,Gold,2024-01-29
700919,Shreya Nair 919,PNQ,Silver,2023-07-01
700920,Tara Verma 920,AMD,Silver,2023-07-27
700921,Sana Kapoor 921,AMD,Gold,2022-09-15
700922,Gaurav Reddy,AUH,Silver,2024-03-07
700923,Varun Reddy,KUL,Blue,2021-09-28
700924,Sneha Patel,DEL,Silver,2022-09-20
700925,Priya Mehta 925,COK,Silver,2021-12-18
700926,Divya Chopra,HYD,Blue,2022-06-17
700927,Rohan Das 927,KUL,Blue,2022-04-10
700928,Ishaan Gupta 928,CMB,Silver,2023-09-19
700929,Divya Kapoor 929,DEL,Blue,2023-02-01
700930,Diya Das,JFK,Gold,2022-08-14
700931,Ananya Bose,GOI,Blue,2021-04-07
700932,Lakshmi Kapoor,CCU,Gold,2021-10-31
700933,Dev Bose 933,KTM,Gold,2022-12-25
700934,Ishaan Kapoor,SFO,Blue,2022-08-06
700935,Riya Sharma 935,JFK,Silver,2023-07-23
700936,Pooja Reddy,DEL,Silver,2021-12-07
700937,Rahul Nair 937,FRA,Blue,2024-06-20
700938,Meera Verma 938,GOI,Silver,2021-11-26
700939,Sneha Pillai 939,COK,Blue,2024-12-28
700940,Meera Ghosh,AUH,Blue,2024-01-02
700941,Sana Menon 941,CMB,Blue,2022-08-08
700942,Ved Sharma,BLR,Blue,2022-01-09
700943,Ishaan Sharma,CDG,Blue,2021-12-26
700944,Tara Rao 944,HYD,Blue,2024-12-21
700945,Rohan Bhat 945,HKG,Blue,2024-11-19
700946,Shreya Chopra 946,DXB,Blue,2024-09-26
700947,Manish Reddy 947,FRA,Silver,2021-11-11
700948,Sneha Gupta 948,COK,Blue,2021-11-27
700949,Aman Reddy 949,DXB,Blue,2022-05-03
700950,Ananya Gupta 950,BKK,Silver,2021-08-28
700951,Anjali Shetty,MAA,Blue,2021-03-26
700952,Ved Menon,CCU,Blue,2022-10-11
700953,Aditya Reddy,FRA,Blue,2024-03-22
700954,Nikhil Desai,KTM,Blue,2021-09-17
700955,Aisha Sharma 955,LHR,Blue,2023-06-22
700956,Lakshmi Kulkarni 956,CDG,Blue,2022-06-18
700957,Dev Ghosh 957,FRA,Silver,2023-01-28
700958,Rohan Joshi,DOH,Blue,2022-01-13
700959,Manish Sharma 959,HYD,Blue,2022-02-25
700960,Ved Kapoor 960,GOI,Blue,2024-02-26
700961,Dev Kulkarni 961,DOH,Blue,2024-12-19
700962,Anjali Iyer 962,HYD,Silver,2021-03-13
700963,Ishaan Chopra 963,CDG,Blue,2024-09-25
700964,Siddharth Patel 964,JFK,Blue,2022-10-12
700965,Varun Bhat 965,DEL,Silver,2022-12-06
700966,Lakshmi Chopra,MAA,Blue,2021-10-30
700967,Gaurav Sharma 967,FRA,Silver,2023-02-03
700968,Neha Pillai 968,CDG,Blue,2023-07-08
700969,Vivaan Shetty,CCU,Silver,2024-01-11
700970,Neha Kapoor,DXB,Silver,2021-11-29
700971,Tara Naidu 971,SFO,Blue,2023-12-29
700972,Diya Kapoor,CMB,Blue,2022-09-10
700973,Aditya Kapoor,COK,Silver,2021-09-06
700974,Dev Naidu 974,FRA,Blue,2021-02-21
700975,Saanvi Kulkarni,DOH,Gold,2023-04-09
700976,Rahul Nair 976,BKK,Blue,2023-10-20
700977,Vivaan Kapoor 977,BLR,Silver,2021-10-25
700978,Aisha Singh 978,DEL,Blue,2023-07-28
700979,Arjun Malhotra,PNQ,Blue,2022-10-18
700980,Harsh Ghosh 980,KUL,Blue,2021-11-16
700981,Sana Shetty 981,MAA,Silver,2021-01-09
700982,Arjun Nair 982,CDG,Blue,2024-01-24
700983,Aditya Ghosh 983,KUL,Blue,2023-11-06
700984,Harsh Verma,PNQ,Platinum,2022-11-10
700985,Sneha Rao 985,HYD,Silver,2024-08-18
700986,Vivaan Rao,JFK,Platinum,2024-12-15
700987,Vivaan Singh 987,KTM,Blue,2022-08-29
700988,Aman Chopra 988,CMB,Blue,2023-08-29
700989,Vikram Bhat 989,COK,Blue,2022-08-17
700990,Sana Mehta 990,AMD,Gold,2024-03-20
700991,Vivaan Shetty 991,HYD,Blue,2024-09-27
700992,Nisha Joshi 992,SIN,Blue,2021-10-29
700993,Kavya Verma 993,HKG,Silver,2024-03-03
700994,Rahul Mehta 994,CDG,Gold,2023-06-25
700995,Kabir Kapoor 995,BKK,Blue,2022-11-25
700996,Manish Bose,CMB,Blue,2024-11-12
700997,Divya Bose,COK,Gold,2021-08-19
700998,Rahul Iyer 998,AMD,Gold,2023-09-08
700999,Nikhil Ghosh,DEL,Gold,2021-03-24
701000,Nikhil Kapoor,LHR,Gold,2021-10-13
701001,Varun Mehta,LHR,Blue,2024-10-20
701002,Ishaan Naidu,DEL,Silver,2024-02-03
701003,Manish Patel 1003,JFK,Blue,2021-08-28
701004,Manish Desai 1004,BKK,Blue,2022-09-23
701005,Arjun Bhat,KUL,Blue,2021-02-20
701006,Sneha Singh 1006,DEL,Blue,2023-04-03
701007,Saanvi Patel 1007,COK,Blue,2024-06-18
701008,Pooja Malhotra 1008,FRA,Blue,2022-03-28
701009,Sneha Joshi,GOI,Blue,2023-07-03
701010,Divya Desai 1010,HKG,Blue,2023-01-02
701011,Manish Iyer 1011,BKK,Blue,2021-07-09
701012,Divya Kapoor 1012,DXB,Silver,2022-10-31
701013,Divya Verma 1013,AMD,Blue,2021-04-23
701014,Kavya Desai,PNQ,Silver,2024-05-30
701015,Manish Mehta 1015,COK,Blue,2024-08-06
701016,Ananya Patel 1016,AUH,Silver,2022-02-04
701017,Vikram Kapoor,CMB,Silver,2024-04-09
701018,Lakshmi Naidu,FRA,Blue,2023-12-15
701019,Priya Sharma 1019,AMD,Blue,2022-03-31
701020,Rohan Desai,BLR,Blue,2022-07-24
701021,Divya Verma 1021,DOH,Silver,2022-02-05
701022,Meera Patel 1022,BKK,Silver,2021-02-16
701023,Dev Shetty,CDG,Blue,2021-06-21
701024,Siddharth Kapoor 1024,PNQ,Silver,2024-01-08
701025,Neha Kulkarni 1025,BKK,Blue,2023-07-02
701026,Vivaan Desai 1026,KUL,Blue,2024-10-18
701027,Rohan Malhotra 1027,GOI,Blue,2024-10-07
701028,Divya Kapoor 1028,BLR,Gold,2021-06-28
701029,Siddharth Menon 1029,BOM,Silver,2023-11-15
701030,Aditya Kulkarni,HKG,Gold,2023-03-19
701031,Meera Chopra 1031,BKK,Blue,2022-02-03
701032,Siddharth Bose,CDG,Gold,2023-10-02
701033,Pooja Shetty 1033,COK,Silver,2022-10-13
701034,Yash Gupta 1034,KTM,Blue,2024-05-20
701035,Kabir Sharma 1035,JFK,Blue,2024-05-24
701036,Arjun Pillai,GOI,Platinum,2023-11-14
701037,Varun Bose 1037,HYD,Blue,2021-04-25
701038,Gaurav Reddy 1038,LHR,Blue,2024-09-27
701039,Tara Mehta,JFK,Gold,2023-01-10
701040,Divya Rao,FRA,Blue,2023-03-26
701041,Ved Joshi 1041,FRA,Blue,2021-10-30
701042,Nikhil Rao 1042,KUL,Blue,2023-05-26
701043,Kabir Nair,BKK,Blue,2023-01-28
701044,Aditya Menon 1044,CMB,Gold,2023-03-02
701045,Arjun Ghosh 1045,KTM,Blue,2023-02-03
701046,Divya Patel 1046,BKK,Blue,2021-01-25
701047,Pooja Malhotra 1047,HKG,Blue,2022-08-06
701048,Kavya Ghosh 1048,COK,Blue,2022-12-08
701049,Aditya Bhat 1049,DXB,Blue,2022-12-21
701050,Aisha Joshi,AMD,Blue,2022-09-23
701051,Aman Iyer,DEL,Blue,2023-07-02
701052,Arjun Kapoor,CMB,Blue,2024-02-23
701053,Lakshmi Gupta 1053,SIN,Silver,2021-06-29
701054,Kabir Rao,MAA,Blue,2022-03-18
701055,Meera Gupta,KTM,Platinum,2023-06-29
701056,Nikhil Sharma,CCU,Blue,2023-05-02
701057,Siddharth Bhat 1057,DOH,Gold,2023-06-26
701058,Ritu Kapoor,LHR,Silver,2022-08-15
701059,Harsh Bhat 1059,JFK,Gold,2021-12-02
701060,Meera Desai 1060,CMB,Gold,2023-05-19
701061,Ishaan Patel 1061,DOH,Gold,2023-04-29
701062,Aman Bose 1062,CDG,Blue,2021-10-13
701063,Sana Chopra 1063,CDG,Silver,2024-04-17
701064,Anjali Das 1064,JFK,Blue,2024-05-09
701065,Ritu Patel,MAA,Blue,2021-06-26
701066,Meera Singh,BLR,Gold,2021-10-22
701067,Aditya Menon 1067,HYD,Silver,2022-03-02
701068,Harsh Malhotra 1068,COK,Blue,2022-09-14
701069,Varun Kapoor 1069,FRA,Blue,2023-08-31
701070,Meera Bhat 1070,LHR,Platinum,2023-12-12
701071,Aryan Iyer,MAA,Silver,2022-11-18
701072,Meera Das,CMB,Silver,2021-05-16
701073,Lakshmi Verma,PNQ,Blue,2024-04-24
701074,Kabir Chopra 1074,BLR,Blue,2023-02-09
701075,Rohan Joshi 1075,PNQ,Blue,2021-07-01
701076,Priya Iyer 1076,KTM,Platinum,2021-01-14
701077,Pooja Ghosh,GOI,Gold,2023-04-19
701078,Riya Kapoor,LHR,Blue,2024-08-01
701079,Varun Joshi 1079,GOI,Blue,2022-07-14
701080,Ishaan Mehta 1080,COK,Blue,2023-04-29
701081,Nisha Shetty,GOI,Blue,2021-12-25
701082,Gaurav Mehta,CDG,Blue,2024-02-13
701083,Meera Shetty 1083,AUH,Gold,2023-08-05
701084,Aman Desai 1084,CDG,Gold,2024-12-25
701085,Aisha Patel 1085,KUL,Blue,2024-03-09
701086,Lakshmi Shetty 1086,SFO,Silver,2021-10-08
701087,Priya Kulkarni,BOM,Blue,2022-02-13
701088,Aryan Nair 1088,JFK,Blue,2022-01-16
701089,Priya Malhotra 1089,DOH,Platinum,2023-02-21
701090,Ved Naidu 1090,CDG,Platinum,2022-08-16
701091,Shreya Singh 1091,AMD,Blue,2024-02-09
701092,Ritu Verma 1092,GOI,Gold,2023-10-02
701093,Diya Patel 1093,BOM,Gold,2021-03-28
701094,Vivaan Shetty 1094,CDG,Blue,2022-09-11
701095,Ritu Mehta,HYD,Silver,2024-04-13
701096,Karan Kulkarni 1096,MAA,Gold,2022-09-15
701097,Anjali Desai,AMD,Blue,2023-10-09
701098,Diya Pillai 1098,SIN,Blue,2024-02-20
701099,Aisha Joshi 1099,JFK,Gold,2023-08-08
701100,Aman Pillai 1100,DXB,Silver,2022-04-05
701101,Dev Malhotra 1101,GOI,Silver,2021-02-24
701102,Vikram Joshi 1102,KTM,Gold,2021-01-06
701103,Harsh Patel 1103,LHR,Blue,2021-11-12
701104,Ananya Iyer 1104,AUH,Blue,2022-06-22
701105,Divya Das,BKK,Blue,2022-09-07
701106,Sana Menon 1106,MAA,Gold,2024-08-04
701107,Karan Singh 1107,BKK,Gold,2024-07-27
701108,Shreya Nair 1108,DEL,Gold,2023-08-26
701109,Pooja Ghosh 1109,COK,Blue,2021-09-12
701110,Pooja Naidu 1110,LHR,Silver,2024-09-01
701111,Kavya Bose,MAA,Blue,2024-09-25
701112,Meera Kapoor 1112,LHR,Blue,2022-08-13
701113,Lakshmi Bhat 1113,AUH,Silver,2023-05-05
701114,Saanvi Singh 1114,LHR,Silver,2022-01-03
701115,Dev Menon 1115,BLR,Blue,2023-10-05
701116,Kabir Mehta 1116,KUL,Silver,2024-11-09
701117,Divya Gupta 1117,BKK,Blue,2024-08-13
701118,Rohan Reddy,AMD,Blue,2022-05-17
701119,Ananya Joshi 1119,HKG,Silver,2021-02-28
701120,Neha Desai 1120,AMD,Blue,2021-09-02
701121,Anjali Gupta,DEL,Silver,2022-07-22
701122,Priya Singh,MAA,Blue,2023-10-07
701123,Ritu Naidu,PNQ,Blue,2021-05-17
701124,Pooja Rao 1124,DEL,Silver,2024-05-11
701125,Priya Pillai,GOI,Silver,2023-01-11
701126,Lakshmi Menon,FRA,Blue,2024-04-05
701127,Nikhil Joshi 1127,MAA,Gold,2023-09-12
701128,Nikhil Sharma 1128,CMB,Blue,2024-03-04
701129,Ishaan Bose,BKK,Blue,2023-06-13
701130,Lakshmi Menon 1130,CCU,Blue,2022-06-13
701131,Dev Rao 1131,CMB,Blue,2024-07-10
701132,Aryan Kapoor 1132,PNQ,Silver,2024-11-05
701133,Ananya Verma,HYD,Blue,2023-09-02
701134,Sneha Pillai 1134,AMD,Blue,2024-11-22
701135,Shreya Shetty 1135,KUL,Blue,2021-09-02
701136,Sana Joshi,MAA,Silver,2023-02-04
701137,Aisha Sharma 1137,FRA,Platinum,2023-11-16
701138,Saanvi Das 1138,GOI,Silver,2024-03-24
701139,Meera Mehta 1139,COK,Blue,2021-02-05
701140,Siddharth Bose 1140,KTM,Gold,2022-06-16
701141,Siddharth Verma,KUL,Platinum,2021-11-30
701142,Vikram Verma,PNQ,Gold,2024-04-06
701143,Ritu Bhat,JFK,Blue,2021-04-30
701144,Nisha Kapoor 1144,HKG,Blue,2021-10-27
701145,Gaurav Joshi 1145,PNQ,Blue,2022-10-17
701146,Aditya Bose 1146,JFK,Blue,2023-08-03
701147,Lakshmi Menon 1147,PNQ,Blue,2024-11-20
701148,Gaurav Mehta 1148,MAA,Blue,2021-10-05
701149,Ved Malhotra 1149,SFO,Silver,2023-01-02
701150,Ved Reddy,SFO,Blue,2021-12-01
701151,Meera Reddy,AMD,Blue,2021-04-19
701152,Vikram Kapoor 1152,CCU,Silver,2022-07-13
701153,Rahul Bhat 1153,KTM,Silver,2023-01-10
701154,Siddharth Nair 1154,HYD,Silver,2023-05-10
701155,Nisha Desai 1155,KTM,Blue,2024-07-27
701156,Lakshmi Bose 1156,KUL,Gold,2022-12-31
701157,Lakshmi Verma 1157,MAA,Silver,2021-04-10
701158,Vivaan Verma 1158,PNQ,Blue,2022-08-17
701159,Meera Ghosh 1159,BKK,Blue,2022-08-21
701160,Rahul Pillai 1160,DEL,Gold,2023-12-21
701161,Varun Menon 1161,JFK,Blue,2024-08-01
701162,Rohan Desai 1162,COK,Platinum,2021-06-07
701163,Lakshmi Nair 1163,DOH,Blue,2023-11-19
701164,Pooja Desai 1164,BOM,Blue,2022-02-01
701165,Pooja Iyer 1165,HKG,Silver,2024-07-10
701166,Vikram Desai,BKK,Silver,2022-01-11
701167,Aman Kulkarni 1167,BKK,Blue,2021-07-13
701168,Rahul Chopra 1168,DEL,Silver,2024-05-11
701169,Lakshmi Bhat 1169,CMB,Blue,2021-12-09
701170,Nikhil Ghosh 1170,DXB,Blue,2024-01-19
701171,Ritu Joshi 1171,AMD,Blue,2022-10-23
701172,Sana Sharma,SIN,Blue,2022-10-10
701173,Siddharth Singh,AUH,Gold,2024-11-03
701174,Kabir Das 1174,HYD,Blue,2022-09-09
701175,Aryan Joshi,CMB,Blue,2022-07-10
701176,Diya Desai 1176,BKK,Silver,2024-11-04
701177,Sana Mehta 1177,GOI,Blue,2024-11-30
701178,Aryan Kulkarni 1178,BKK,Blue,2024-11-10
701179,Riya Naidu,BKK,Blue,2023-01-13
701180,Ananya Kulkarni 1180,COK,Gold,2021-07-16
701181,Sana Iyer,KUL,Blue,2023-12-31
701182,Varun Shetty 1182,HYD,Silver,2024-04-02
701183,Ved Bose 1183,FRA,Blue,2022-12-22
701184,Rohan Malhotra 1184,BLR,Silver,2021-10-22
701185,Dev Verma 1185,KTM,Gold,2021-01-27
701186,Ritu Ghosh,BLR,Silver,2021-10-08
701187,Kabir Rao 1187,BLR,Blue,2023-11-28
701188,Diya Menon 1188,BLR,Blue,2022-07-31
701189,Pooja Das 1189,MAA,Blue,2023-02-03
701190,Rohan Das 1190,MAA,Blue,2023-09-21
701191,Karan Das 1191,COK,Silver,2023-04-24
701192,Lakshmi Desai 1192,DOH,Silver,2022-11-28
701193,Sana Naidu 1193,MAA,Blue,2021-11-30
701194,Ananya Ghosh,CMB,Blue,2021-07-29
701195,Meera Chopra 1195,GOI,Blue,2022-03-23
701196,Karan Bhat,DEL,Silver,2021-11-13
701197,Pooja Malhotra 1197,AUH,Gold,2023-10-28
701198,Sana Chopra 1198,MAA,Silver,2022-03-29
701199,Neha Singh 1199,SFO,Silver,2022-01-21
701200,Arjun Menon,GOI,Blue,2024-02-19
701201,Aisha Singh 1201,DEL,Blue,2024-06-10
701202,Aisha Kapoor 1202,CMB,Blue,2024-11-13
701203,Tara Desai,JFK,Blue,2023-12-13
701204,Sana Rao,CDG,Blue,2023-12-26
701205,Dev Mehta 1205,CMB,Blue,2024-12-30
701206,Gaurav Joshi 1206,HYD,Silver,2024-02-03
701207,Riya Joshi 1207,BLR,Blue,2024-12-09
701208,Sneha Ghosh 1208,DOH,Gold,2021-08-22
701209,Karan Ghosh,KTM,Blue,2023-05-05
701210,Nikhil Singh,BLR,Blue,2023-08-02
701211,Sana Kapoor 1211,COK,Silver,2021-06-06
701212,Gaurav Naidu 1212,CCU,Gold,2021-08-27
701213,Yash Joshi 1213,HKG,Silver,2021-09-26
701214,Kabir Kulkarni 1214,GOI,Silver,2021-02-05
701215,Aisha Bose 1215,AUH,Blue,2023-09-10
701216,Vikram Kapoor 1216,BLR,Gold,2022-12-15
701217,Rohan Joshi 1217,MAA,Blue,2022-10-01
701218,Vivaan Joshi 1218,DEL,Silver,2024-11-16
701219,Ishaan Kapoor 1219,COK,Blue,2023-01-13
701220,Divya Shetty,FRA,Blue,2021-10-12
701221,Tara Naidu 1221,GOI,Silver,2023-06-25
701222,Sana Rao 1222,KTM,Blue,2024-05-08
701223,Nisha Bhat 1223,BLR,Silver,2023-12-08
701224,Yash Bhat 1224,LHR,Blue,2022-12-02
701225,Yash Nair 1225,BOM,Blue,2021-12-19
701226,Saanvi Desai,CDG,Blue,2024-12-24
701227,Aryan Gupta,BKK,Silver,2022-09-16
701228,Dev Verma 1228,MAA,Blue,2021-02-28
701229,Varun Gupta,PNQ,Blue,2021-08-31
701230,Riya Verma 1230,DXB,Gold,2022-04-01
701231,Saanvi Das 1231,KUL,Blue,2021-09-21
701232,Rahul Ghosh,JFK,Blue,2024-11-22
701233,Sana Reddy 1233,BLR,Gold,2021-10-19
701234,Meera Sharma,FRA,Blue,2024-11-10
701235,Gaurav Iyer,MAA,Silver,2022-04-10
701236,Anjali Shetty 1236,AMD,Blue,2022-09-22
701237,Sana Pillai 1237,HKG,Blue,2021-09-14
701238,Nisha Joshi 1238,COK,Blue,2022-03-06
701239,Pooja Joshi,AMD,Silver,2021-09-24
701240,Ananya Patel 1240,CDG,Blue,2021-06-10
701241,Ritu Gupta 1241,FRA,Blue,2023-05-21
701242,Aisha Naidu 1242,BKK,Silver,2024-11-15
701243,Vivaan Iyer 1243,FRA,Silver,2021-08-17
701244,Anjali Iyer 1244,BLR,Gold,2021-06-09
701245,Vivaan Bose,CMB,Blue,2021-02-08
701246,Nikhil Iyer,BOM,Blue,2023-09-19
701247,Sneha Verma 1247,SFO,Silver,2023-06-03
701248,Aarav Joshi 1248,HYD,Blue,2021-03-29
701249,Ritu Desai 1249,AMD,Gold,2022-02-07
701250,Saanvi Singh 1250,KUL,Silver,2021-08-09
701251,Sneha Menon 1251,FRA,Gold,2021-03-09
701252,Aisha Chopra 1252,CMB,Blue,2024-09-13
701253,Nikhil Nair 1253,MAA,Gold,2023-11-18
701254,Lakshmi Menon 1254,AMD,Blue,2024-04-29
701255,Yash Rao,PNQ,Blue,2021-05-02
701256,Kabir Singh,DEL,Blue,2023-08-19
701257,Priya Naidu 1257,CMB,Silver,2021-09-01
701258,Harsh Shetty 1258,CDG,Silver,2022-06-03
701259,Tara Ghosh,HKG,Silver,2021-03-30
701260,Arjun Sharma,HYD,Silver,2021-05-16
701261,Rahul Joshi,SFO,Silver,2022-09-10
701262,Ritu Malhotra 1262,BLR,Blue,2024-09-29
701263,Nisha Iyer,AMD,Blue,2021-01-22
701264,Ved Shetty,BOM,Silver,2021-07-17
701265,Vikram Das,COK,Gold,2021-09-11
701266,Lakshmi Singh,GOI,Blue,2024-05-17
701267,Ishaan Bose 1267,CMB,Blue,2022-02-25
701268,Saanvi Iyer 1268,CMB,Blue,2024-04-18
701269,Meera Pillai 1269,LHR,Blue,2022-02-14
701270,Pooja Gupta 1270,SIN,Blue,2022-01-14
701271,Aarav Mehta,SIN,Blue,2024-10-05
701272,Neha Gupta 1272,HKG,Silver,2022-12-21
701273,Divya Mehta 1273,CMB,Blue,2021-03-01
701274,Rahul Joshi 1274,PNQ,Blue,2021-07-05
701275,Aryan Naidu 1275,DOH,Silver,2021-10-26
701276,Ritu Sharma,CMB,Blue,2022-07-23
701277,Tara Shetty,BLR,Blue,2024-04-02
701278,Siddharth Ghosh,BKK,Blue,2022-12-14
701279,Dev Verma 1279,CCU,Silver,2022-12-23
701280,Kabir Menon 1280,PNQ,Silver,2021-11-25
701281,Aman Iyer 1281,CMB,Blue,2023-10-23
701282,Vikram Malhotra,AMD,Silver,2024-06-09
701283,Lakshmi Ghosh,CDG,Silver,2022-05-11
701284,Aman Ghosh 1284,SIN,Platinum,2023-11-01
701285,Kabir Shetty 1285,HKG,Blue,2024-03-13
701286,Sneha Kapoor,BOM,Silver,2021-05-20
701287,Ved Gupta 1287,BKK,Gold,2021-07-22
701288,Riya Nair 1288,HYD,Platinum,2024-03-30
701289,Sana Nair,CDG,Blue,2021-01-29
701290,Harsh Naidu 1290,CDG,Silver,2023-12-20
701291,Shreya Kapoor,CDG,Blue,2022-03-21
701292,Anjali Ghosh,BOM,Blue,2022-01-28
701293,Gaurav Pillai,AUH,Platinum,2022-08-01
701294,Aisha Malhotra,CCU,Blue,2021-12-18
701295,Karan Gupta 1295,HKG,Blue,2024-01-06
701296,Shreya Patel 1296,BOM,Silver,2021-01-09
701297,Varun Menon 1297,CCU,Blue,2021-07-22
701298,Varun Ghosh,BKK,Silver,2022-03-15
701299,Siddharth Patel 1299,AMD,Blue,2023-10-30
701300,Ritu Reddy,CCU,Blue,2024-12-20
701301,Ananya Bhat 1301,AUH,Silver,2023-08-31
701302,Lakshmi Rao 1302,FRA,Silver,2023-01-21
701303,Ritu Bhat 1303,DXB,Platinum,2024-11-30
701304,Rohan Iyer,CDG,Blue,2024-04-22
701305,Pooja Chopra,DXB,Blue,2022-01-15
701306,Divya Reddy 1306,BLR,Silver,2023-06-20
701307,Karan Ghosh 1307,AUH,Blue,2024-10-11
701308,Aryan Pillai 1308,BKK,Gold,2021-08-08
701309,Ishaan Chopra 1309,BLR,Silver,2022-01-06
701310,Divya Verma 1310,AMD,Platinum,2022-12-28
701311,Harsh Nair 1311,SIN,Blue,2023-02-17
701312,Lakshmi Das 1312,DEL,Blue,2023-05-19
701313,Harsh Kulkarni 1313,BLR,Silver,2022-03-15
701314,Ananya Bhat 1314,KUL,Silver,2023-11-20
701315,Harsh Malhotra 1315,KUL,Blue,2022-04-12
701316,Aman Naidu 1316,GOI,Blue,2023-04-15
701317,Diya Bose 1317,DOH,Blue,2021-08-20
701318,Tara Sharma 1318,MAA,Silver,2022-10-06
701319,Karan Kulkarni 1319,CMB,Blue,2021-09-11
701320,Aditya Verma 1320,SFO,Blue,2023-08-13
701321,Manish Kapoor 1321,PNQ,Blue,2021-08-14
701322,Aditya Bhat 1322,BOM,Blue,2023-12-01
701323,Ananya Patel 1323,CCU,Silver,2021-10-06
701324,Sana Verma,DXB,Blue,2023-10-13
701325,Sneha Das 1325,SIN,Silver,2023-01-10
701326,Arjun Nair 1326,KUL,Silver,2024-12-14
701327,Anjali Kapoor 1327,AUH,Blue,2022-08-14
701328,Neha Menon 1328,BKK,Blue,2024-02-16
701329,Neha Bose 1329,KTM,Blue,2021-03-25
701330,Ishaan Malhotra,BLR,Blue,2021-06-18
701331,Aisha Nair 1331,LHR,Silver,2022-11-03
701332,Kavya Reddy 1332,CCU,Gold,2023-10-09
701333,Arjun Bhat 1333,PNQ,Silver,2021-08-25
701334,Vikram Chopra,FRA,Silver,2023-02-28
701335,Meera Naidu,HKG,Blue,2022-08-04
701336,Riya Sharma 1336,GOI,Silver,2023-07-25
701337,Diya Joshi,DOH,Gold,2024-05-14
701338,Harsh Malhotra 1338,CMB,Blue,2022-10-01
701339,Aisha Das 1339,BOM,Blue,2024-11-08
701340,Aisha Bose 1340,HYD,Silver,2023-06-29
701341,Riya Gupta,HYD,Blue,2022-04-08
701342,Harsh Kapoor 1342,KTM,Silver,2024-02-09
701343,Rohan Mehta 1343,KTM,Gold,2023-04-15
701344,Nisha Naidu,BLR,Blue,2022-08-19
701345,Kabir Verma,KUL,Silver,2023-05-27
701346,Anjali Desai 1346,MAA,Blue,2022-01-22
701347,Diya Gupta,SFO,Blue,2021-05-23
701348,Karan Patel 1348,AMD,Blue,2023-09-02
701349,Saanvi Desai 1349,DXB,Silver,2024-10-22
701350,Vivaan Menon 1350,LHR,Silver,2023-01-23
701351,Shreya Malhotra 1351,KTM,Gold,2022-01-03
701352,Ananya Gupta 1352,BLR,Blue,2021-01-27
701353,Vivaan Bose 1353,AMD,Platinum,2024-10-12
701354,Divya Gupta 1354,SFO,Blue,2023-10-04
701355,Aisha Rao 1355,CDG,Blue,2024-10-08
701356,Ananya Nair 1356,KUL,Platinum,2021-08-04
701357,Lakshmi Joshi,LHR,Silver,2023-03-23
701358,Riya Naidu 1358,DXB,Gold,2023-06-17
701359,Ritu Singh,BKK,Silver,2023-12-07
701360,Ritu Desai 1360,SFO,Blue,2024-09-10
701361,Pooja Gupta 1361,HYD,Silver,2024-10-17
701362,Aman Nair,AUH,Gold,2021-06-24
701363,Varun Gupta 1363,DOH,Silver,2021-09-02
701364,Anjali Joshi 1364,BOM,Silver,2021-10-21
701365,Yash Verma 1365,SFO,Blue,2023-03-20
701366,Gaurav Kulkarni,CDG,Blue,2023-04-01
701367,Arjun Shetty,AUH,Blue,2024-11-24
701368,Manish Bhat 1368,DOH,Blue,2024-04-24
701369,Nikhil Verma,SFO,Blue,2021-07-28
701370,Kavya Shetty 1370,MAA,Blue,2021-12-12
701371,Neha Chopra 1371,SIN,Platinum,2021-05-13
701372,Pooja Ghosh 1372,KTM,Blue,2023-01-15
701373,Anjali Das 1373,HYD,Blue,2022-02-12
701374,Rohan Joshi 1374,AMD,Blue,2022-11-25
701375,Neha Iyer,KUL,Silver,2022-02-15
701376,Aisha Pillai 1376,JFK,Silver,2024-05-03
701377,Dev Gupta,DOH,Gold,2023-04-08
701378,Aman Ghosh 1378,AMD,Blue,2021-09-09
701379,Rohan Menon,HKG,Blue,2022-04-22
701380,Ananya Bhat 1380,JFK,Blue,2023-05-20
701381,Anjali Das 1381,LHR,Blue,2023-10-20
701382,Gaurav Chopra,COK,Blue,2022-07-25
701383,Meera Bose 1383,HKG,Gold,2024-04-06
701384,Dev Mehta 1384,HKG,Silver,2024-04-30
701385,Karan Singh 1385,DXB,Blue,2022-07-14
701386,Ishaan Menon,HYD,Silver,2024-08-11
701387,Siddharth Patel 1387,AMD,Blue,2023-03-31
701388,Aisha Naidu 1388,CMB,Gold,2022-12-31
701389,Nisha Verma,KTM,Gold,2023-09-02
701390,Yash Bose,GOI,Gold,2024-09-27
701391,Shreya Desai 1391,CMB,Silver,2024-05-20
701392,Vivaan Patel,CDG,Blue,2023-04-09
701393,Nisha Kulkarni,KTM,Silver,2023-09-20
701394,Gaurav Rao 1394,SFO,Blue,2023-11-14
701395,Sana Rao 1395,BKK,Silver,2022-07-26
701396,Rahul Joshi 1396,MAA,Blue,2021-10-29
701397,Aarav Rao 1397,KUL,Blue,2023-07-21
701398,Nisha Naidu 1398,COK,Gold,2021-08-10
701399,Kabir Naidu 1399,PNQ,Silver,2021-09-08
701400,Sana Gupta 1400,CMB,Silver,2022-05-29
701401,Shreya Ghosh 1401,HKG,Blue,2023-09-30
701402,Karan Bose 1402,BKK,Blue,2023-10-16
701403,Dev Bhat,SFO,Blue,2022-04-18
701404,Pooja Joshi 1404,DOH,Blue,2024-07-10
701405,Neha Menon 1405,CMB,Silver,2021-10-03
701406,Aisha Shetty,GOI,Blue,2021-03-02
701407,Kavya Joshi,BLR,Silver,2021-07-23
701408,Tara Kapoor 1408,PNQ,Blue,2021-04-19
701409,Lakshmi Pillai,AUH,Gold,2021-05-20
701410,Harsh Reddy,SIN,Blue,2023-10-18
701411,Sana Singh,CMB,Blue,2024-10-20
701412,Karan Kapoor,DXB,Blue,2021-02-24
701413,Pooja Das 1413,KTM,Blue,2022-01-02
701414,Vivaan Kulkarni,CDG,Blue,2023-02-23
701415,Riya Naidu 1415,COK,Blue,2024-05-23
701416,Rohan Sharma,CDG,Blue,2024-10-23
701417,Tara Bhat 1417,FRA,Blue,2022-11-01
701418,Aryan Kulkarni 1418,DOH,Blue,2021-11-09
701419,Anjali Joshi 1419,DEL,Silver,2022-09-13
701420,Rohan Rao,HYD,Blue,2024-06-27
701421,Rahul Gupta 1421,CMB,Blue,2024-06-30
701422,Neha Kulkarni 1422,MAA,Blue,2021-07-17
701423,Dev Pillai 1423,LHR,Blue,2021-06-06
701424,Gaurav Shetty,HYD,Blue,2024-09-15
701425,Rahul Mehta 1425,COK,Silver,2023-12-01
701426,Nikhil Naidu 1426,COK,Blue,2023-10-06
701427,Nikhil Menon 1427,CDG,Blue,2023-08-13
701428,Priya Naidu 1428,CMB,Blue,2022-02-18
701429,Kavya Iyer,GOI,Silver,2022-08-25
701430,Meera Naidu 1430,LHR,Blue,2024-09-17
701431,Aisha Pillai 1431,DEL,Blue,2023-10-17
701432,Arjun Bhat 1432,FRA,Blue,2023-10-02
701433,Ananya Chopra 1433,BLR,Blue,2023-10-31
701434,Vivaan Patel 1434,CDG,Silver,2022-06-20
701435,Ananya Sharma,KTM,Blue,2024-01-16
701436,Anjali Nair,CDG,Blue,2022-12-05
701437,Riya Patel 1437,KTM,Blue,2024-01-13
701438,Rohan Sharma 1438,SIN,Blue,2024-01-25
701439,Karan Chopra 1439,CCU,Silver,2021-02-06
701440,Harsh Kapoor 1440,LHR,Silver,2021-03-06
701441,Ananya Desai 1441,FRA,Gold,2023-06-01
701442,Ved Pillai,COK,Silver,2021-09-01
701443,Nikhil Sharma 1443,BKK,Silver,2023-02-25
701444,Aarav Bhat,SFO,Blue,2023-07-11
701445,Gaurav Das 1445,AMD,Gold,2022-10-07
701446,Aarav Sharma,SFO,Silver,2023-02-10
701447,Varun Naidu,HKG,Silver,2023-06-26
701448,Yash Bhat 1448,GOI,Blue,2023-07-31
701449,Sneha Sharma 1449,SIN,Platinum,2021-03-15
701450,Lakshmi Ghosh 1450,DEL,Silver,2021-03-09
701451,Manish Iyer 1451,COK,Blue,2021-12-29
701452,Saanvi Reddy,KUL,Blue,2024-02-15
701453,Varun Nair,LHR,Gold,2024-09-12
701454,Dev Rao 1454,CDG,Gold,2022-09-13
701455,Ved Chopra,FRA,Blue,2024-12-17
701456,Tara Kapoor 1456,JFK,Blue,2021-12-03
701457,Yash Bose 1457,CMB,Silver,2023-10-04
701458,Ishaan Kapoor 1458,BKK,Silver,2023-06-02
701459,Vikram Menon,LHR,Blue,2021-10-03
701460,Ritu Gupta 1460,SIN,Blue,2022-10-02
701461,Riya Joshi 1461,KUL,Blue,2023-03-08
701462,Ishaan Shetty,LHR,Gold,2023-09-26
701463,Vivaan Patel 1463,HKG,Silver,2021-08-13
701464,Vikram Bose,GOI,Gold,2024-03-11
701465,Neha Bhat,MAA,Blue,2024-10-14
701466,Sana Verma 1466,CMB,Silver,2023-10-02
701467,Aarav Ghosh,MAA,Silver,2024-09-13
701468,Priya Patel,MAA,Silver,2024-02-09
701469,Nikhil Das,DOH,Gold,2024-11-04
701470,Rahul Kulkarni,AMD,Blue,2024-01-10
701471,Saanvi Chopra 1471,DXB,Blue,2024-03-17
701472,Vivaan Gupta,SIN,Blue,2023-08-21
701473,Karan Ghosh 1473,HYD,Blue,2023-09-02
701474,Ritu Pillai,KUL,Blue,2024-02-26
701475,Yash Verma 1475,COK,Blue,2021-11-17
701476,Aditya Malhotra 1476,GOI,Silver,2023-11-04
701477,Yash Bhat 1477,KTM,Silver,2021-04-25
701478,Ritu Malhotra 1478,HYD,Blue,2023-03-13
701479,Vivaan Iyer 1479,HYD,Blue,2022-06-24
701480,Pooja Sharma 1480,GOI,Gold,2023-10-11
701481,Karan Kulkarni 1481,BOM,Silver,2024-04-25
701482,Rohan Ghosh 1482,SFO,Blue,2023-02-13
701483,Vikram Patel 1483,KUL,Silver,2024-06-17
701484,Aman Iyer 1484,BKK,Silver,2024-10-17
701485,Ritu Gupta 1485,AUH,Blue,2022-12-24
701486,Ritu Bose 1486,SIN,Blue,2022-08-06
701487,Aisha Singh 1487,PNQ,Blue,2022-10-19
701488,Neha Naidu,LHR,Silver,2021-05-06
701489,Meera Ghosh 1489,GOI,Blue,2021-02-27
701490,Ishaan Chopra 1490,CCU,Platinum,2024-04-24
701491,Kavya Verma 1491,MAA,Blue,2021-04-03
701492,Saanvi Das 1492,BOM,Blue,2021-09-20
701493,Riya Patel 1493,DOH,Gold,2023-01-21
701494,Rahul Desai 1494,AMD,Silver,2022-12-16
701495,Ved Desai 1495,DOH,Silver,2024-04-10
701496,Vikram Singh,BLR,Blue,2021-02-25
701497,Diya Shetty 1497,CCU,Silver,2024-07-04
701498,Yash Menon 1498,CCU,Blue,2022-11-30
701499,Nikhil Gupta,GOI,Blue,2023-02-19
